Date,code,Open,High,Low,Close,Volume
2022-07-15,7177,774.0,775.0,768.0,772.0,100700
2022-07-14,7177,773.0,778.0,769.0,778.0,91000
2022-07-13,7177,772.0,777.0,771.0,774.0,37200
2022-07-12,7177,776.0,780.0,769.0,771.0,109300
2022-07-11,7177,782.0,783.0,777.0,778.0,119100
2022-07-08,7177,774.0,783.0,772.0,781.0,196100
2022-07-07,7177,774.0,779.0,772.0,777.0,111000
2022-07-06,7177,776.0,778.0,772.0,777.0,73500
2022-07-05,7177,769.0,776.0,769.0,776.0,75400
2022-07-04,7177,765.0,771.0,765.0,769.0,106600
2022-07-01,7177,772.0,773.0,764.0,764.0,155900
2022-06-30,7177,776.0,778.0,771.0,777.0,106300
2022-06-29,7177,778.0,779.0,764.0,777.0,464800
2022-06-28,7177,790.0,795.0,785.0,791.0,388100
2022-06-27,7177,798.0,801.0,789.0,796.0,238300
2022-06-24,7177,787.0,796.0,780.0,796.0,245100
2022-06-23,7177,776.0,784.0,774.0,784.0,182400
2022-06-22,7177,774.0,776.0,769.0,770.0,142000
2022-06-21,7177,768.0,771.0,764.0,768.0,182700
2022-06-20,7177,777.0,781.0,761.0,764.0,201100
2022-06-17,7177,773.0,780.0,770.0,777.0,250400
2022-06-16,7177,779.0,787.0,778.0,781.0,158300
2022-06-15,7177,784.0,785.0,775.0,781.0,109400
2022-06-14,7177,770.0,777.0,769.0,775.0,149600
2022-06-13,7177,783.0,785.0,778.0,782.0,178900
2022-06-10,7177,791.0,792.0,786.0,792.0,132200
2022-06-09,7177,798.0,798.0,790.0,791.0,127600
2022-06-08,7177,797.0,797.0,793.0,794.0,122000
2022-06-07,7177,795.0,797.0,794.0,794.0,72700
2022-06-06,7177,796.0,797.0,791.0,796.0,124700
2022-06-03,7177,800.0,801.0,792.0,796.0,299400
2022-06-02,7177,790.0,799.0,788.0,797.0,231300
2022-06-01,7177,785.0,792.0,778.0,789.0,226700
2022-05-31,7177,790.0,791.0,777.0,777.0,379300
2022-05-30,7177,783.0,791.0,780.0,791.0,215700
2022-05-27,7177,770.0,780.0,770.0,775.0,292900
2022-05-26,7177,755.0,766.0,755.0,759.0,140600
2022-05-25,7177,755.0,762.0,754.0,762.0,122900
2022-05-24,7177,771.0,772.0,758.0,758.0,192500
2022-05-23,7177,761.0,768.0,759.0,765.0,153400
2022-05-20,7177,747.0,758.0,742.0,754.0,348700
2022-05-19,7177,756.0,758.0,746.0,749.0,367500
2022-05-18,7177,768.0,772.0,760.0,764.0,228000
2022-05-17,7177,765.0,772.0,760.0,768.0,284700
2022-05-16,7177,781.0,782.0,762.0,765.0,344300
2022-05-13,7177,771.0,784.0,769.0,782.0,242700
2022-05-12,7177,784.0,787.0,773.0,774.0,344600
2022-05-11,7177,793.0,797.0,786.0,786.0,163400
2022-05-10,7177,793.0,797.0,787.0,795.0,212700
2022-05-09,7177,804.0,806.0,795.0,799.0,206500
2022-05-06,7177,810.0,811.0,800.0,804.0,200500
2022-05-02,7177,804.0,812.0,801.0,804.0,214000
2022-04-28,7177,807.0,811.0,799.0,808.0,182000
2022-04-27,7177,800.0,808.0,798.0,808.0,146000
2022-04-26,7177,812.0,812.0,802.0,808.0,93400
2022-04-25,7177,810.0,811.0,803.0,807.0,217900
2022-04-22,7177,823.0,823.0,814.0,816.0,188000
2022-04-21,7177,832.0,832.0,824.0,828.0,96500
2022-04-20,7177,832.0,834.0,826.0,827.0,181400
2022-04-19,7177,822.0,831.0,821.0,829.0,160300
2022-04-18,7177,822.0,826.0,816.0,817.0,118400
2022-04-15,7177,824.0,831.0,823.0,827.0,88500
2022-04-14,7177,825.0,829.0,823.0,829.0,118800
2022-04-13,7177,827.0,827.0,822.0,823.0,116200
2022-04-12,7177,820.0,829.0,820.0,823.0,130400
2022-04-11,7177,834.0,837.0,824.0,831.0,151800
2022-04-08,7177,823.0,832.0,822.0,832.0,162000
2022-04-07,7177,825.0,831.0,821.0,821.0,143000
2022-04-06,7177,835.0,843.0,833.0,838.0,193500
2022-04-05,7177,848.0,850.0,837.0,846.0,296800
2022-04-04,7177,832.0,847.0,827.0,846.0,442800
2022-04-01,7177,821.0,826.0,814.0,822.0,144700
2022-03-31,7177,830.0,832.0,820.0,823.0,198500
2022-03-30,7177,830.0,837.0,823.0,837.0,284500
2022-03-29,7177,821.0,841.0,819.0,841.0,407700
2022-03-28,7177,819.0,821.0,815.0,818.0,138100
2022-03-25,7177,820.0,821.0,814.0,815.0,187700
2022-03-24,7177,811.0,818.0,808.0,817.0,183800
2022-03-23,7177,813.0,820.0,809.0,820.0,281300
2022-03-22,7177,806.0,813.0,805.0,808.0,297800
2022-03-18,7177,804.0,809.0,802.0,807.0,181300
2022-03-17,7177,815.0,815.0,804.0,807.0,175800
2022-03-16,7177,804.0,810.0,801.0,803.0,101200
2022-03-15,7177,803.0,805.0,799.0,803.0,80400
2022-03-14,7177,801.0,808.0,799.0,800.0,133200
2022-03-11,7177,793.0,806.0,793.0,806.0,145700
2022-03-10,7177,798.0,804.0,794.0,804.0,215900
2022-03-09,7177,778.0,792.0,778.0,784.0,192600
2022-03-08,7177,785.0,795.0,777.0,778.0,313400
2022-03-07,7177,794.0,797.0,785.0,791.0,261700
2022-03-04,7177,810.0,814.0,797.0,800.0,305500
2022-03-03,7177,806.0,817.0,806.0,813.0,162000
2022-03-02,7177,809.0,810.0,801.0,805.0,151500
2022-03-01,7177,819.0,821.0,812.0,812.0,246800
2022-02-28,7177,800.0,813.0,799.0,813.0,209200
2022-02-25,7177,792.0,802.0,792.0,802.0,208000
2022-02-24,7177,795.0,804.0,784.0,788.0,417200
2022-02-22,7177,793.0,803.0,790.0,802.0,198500
2022-02-21,7177,802.0,804.0,794.0,800.0,237900
2022-02-18,7177,803.0,812.0,800.0,809.0,206400
2022-02-17,7177,816.0,821.0,808.0,811.0,285800
2022-02-16,7177,805.0,816.0,804.0,816.0,356300
2022-02-15,7177,815.0,818.0,798.0,800.0,574000
2022-02-14,7177,825.0,826.0,810.0,817.0,415700
2022-02-10,7177,832.0,835.0,826.0,830.0,248100
2022-02-09,7177,829.0,832.0,825.0,832.0,182200
2022-02-08,7177,840.0,840.0,823.0,827.0,292500
2022-02-07,7177,819.0,839.0,819.0,834.0,384200
2022-02-04,7177,828.0,840.0,815.0,824.0,962700
2022-02-03,7177,863.0,863.0,840.0,843.0,431900
2022-02-02,7177,854.0,864.0,851.0,864.0,204200
2022-02-01,7177,857.0,858.0,843.0,843.0,262700
2022-01-31,7177,849.0,856.0,842.0,853.0,226100
2022-01-28,7177,828.0,845.0,828.0,844.0,284800
2022-01-27,7177,840.0,845.0,819.0,825.0,412100
2022-01-26,7177,830.0,839.0,828.0,837.0,181100
2022-01-25,7177,843.0,847.0,825.0,831.0,566100
2022-01-24,7177,844.0,855.0,839.0,853.0,339400
2022-01-21,7177,849.0,856.0,842.0,854.0,400200
2022-01-20,7177,850.0,866.0,848.0,859.0,238300
2022-01-19,7177,866.0,873.0,851.0,855.0,348300
2022-01-18,7177,880.0,889.0,874.0,877.0,209300
2022-01-17,7177,888.0,891.0,875.0,880.0,194300
2022-01-14,7177,887.0,891.0,876.0,885.0,307600
2022-01-13,7177,874.0,891.0,872.0,889.0,289700
2022-01-12,7177,880.0,885.0,874.0,876.0,205400
2022-01-11,7177,859.0,880.0,859.0,880.0,323400
2022-01-07,7177,863.0,872.0,858.0,866.0,511200
2022-01-06,7177,855.0,859.0,845.0,851.0,438000
2022-01-05,7177,856.0,865.0,850.0,864.0,337800
2022-01-04,7177,855.0,859.0,846.0,852.0,368600
2021-12-30,7177,835.0,848.0,835.0,845.0,234400
2021-12-29,7177,850.0,854.0,832.0,839.0,889800
2021-12-28,7177,863.0,869.0,862.0,869.0,409100
2021-12-27,7177,858.0,866.0,856.0,859.0,297100
2021-12-24,7177,866.0,866.0,857.0,859.0,276300
2021-12-23,7177,859.0,865.0,854.0,864.0,198000
2021-12-22,7177,849.0,858.0,846.0,856.0,299200
2021-12-21,7177,831.0,846.0,829.0,844.0,318800
2021-12-20,7177,857.0,858.0,827.0,829.0,778900
2021-12-17,7177,865.0,869.0,860.0,860.0,223500
2021-12-16,7177,872.0,872.0,866.0,866.0,193600
2021-12-15,7177,854.0,866.0,852.0,866.0,154400
2021-12-14,7177,866.0,868.0,854.0,858.0,370300
2021-12-13,7177,871.0,873.0,861.0,869.0,247100
2021-12-10,7177,881.0,882.0,866.0,868.0,302000
2021-12-09,7177,890.0,891.0,883.0,884.0,168800
2021-12-08,7177,886.0,895.0,878.0,893.0,278400
2021-12-07,7177,863.0,879.0,861.0,875.0,259600
2021-12-06,7177,865.0,867.0,853.0,858.0,287300
2021-12-03,7177,860.0,873.0,857.0,867.0,513400
2021-12-02,7177,886.0,888.0,854.0,854.0,619200
2021-12-01,7177,881.0,898.0,873.0,893.0,471200
2021-11-30,7177,908.0,919.0,881.0,881.0,1153200
2021-11-29,7177,889.0,923.0,887.0,908.0,538600
2021-11-26,7177,912.0,922.0,901.0,904.0,516100
2021-11-25,7177,898.0,912.0,887.0,912.0,380300
2021-11-24,7177,899.0,904.0,889.0,893.0,299400
2021-11-22,7177,878.0,895.0,877.0,894.0,278700
2021-11-19,7177,883.0,883.0,866.0,878.0,336300
2021-11-18,7177,878.0,887.0,875.0,882.0,206800
2021-11-17,7177,879.0,884.0,875.0,880.0,181800
2021-11-16,7177,902.0,902.0,875.0,877.0,426900
2021-11-15,7177,899.0,905.0,892.0,900.0,302100
2021-11-12,7177,882.0,889.0,882.0,886.0,193500
2021-11-11,7177,881.0,884.0,876.0,879.0,165800
2021-11-10,7177,874.0,886.0,873.0,880.0,273700
2021-11-09,7177,878.0,883.0,870.0,876.0,363000
2021-11-08,7177,864.0,876.0,863.0,872.0,420200
2021-11-05,7177,875.0,875.0,857.0,863.0,404000
2021-11-04,7177,878.0,878.0,860.0,876.0,570400
2021-11-02,7177,893.0,894.0,872.0,872.0,309600
2021-11-01,7177,885.0,892.0,880.0,892.0,216300
2021-10-29,7177,875.0,878.0,867.0,870.0,227900
2021-10-28,7177,882.0,882.0,873.0,881.0,222600
2021-10-27,7177,895.0,895.0,886.0,890.0,111200
2021-10-26,7177,886.0,896.0,879.0,891.0,247700
2021-10-25,7177,876.0,884.0,872.0,879.0,211700
2021-10-22,7177,893.0,893.0,868.0,882.0,814200
2021-10-21,7177,911.0,932.0,911.0,917.0,1002600
2021-10-20,7177,894.0,913.0,894.0,899.0,737900
2021-10-19,7177,889.0,890.0,881.0,889.0,309000
2021-10-18,7177,886.0,894.0,877.0,888.0,533400
2021-10-15,7177,853.0,872.0,849.0,872.0,338200
2021-10-14,7177,857.0,857.0,847.0,849.0,262400
2021-10-13,7177,868.0,868.0,856.0,857.0,182300
2021-10-12,7177,867.0,873.0,865.0,870.0,261600
2021-10-11,7177,855.0,865.0,853.0,865.0,242600
2021-10-08,7177,850.0,860.0,847.0,854.0,303000
2021-10-07,7177,846.0,855.0,842.0,846.0,496100
2021-10-06,7177,843.0,857.0,836.0,843.0,553100
2021-10-05,7177,840.0,843.0,823.0,835.0,471600
2021-10-04,7177,853.0,855.0,840.0,847.0,432500
2021-10-01,7177,849.0,858.0,842.0,844.0,318900
2021-09-30,7177,865.0,865.0,848.0,854.0,280400
2021-09-29,7177,842.0,860.0,841.0,856.0,434900
2021-09-28,7177,870.0,870.0,860.0,864.0,387000
2021-09-27,7177,869.0,872.0,861.0,870.0,375600
2021-09-24,7177,854.0,871.0,852.0,870.0,502200
2021-09-22,7177,841.0,846.0,836.0,837.0,413100
2021-09-21,7177,836.0,847.0,834.0,843.0,628100
2021-09-17,7177,855.0,865.0,853.0,865.0,261500
2021-09-16,7177,866.0,868.0,850.0,854.0,451400
2021-09-15,7177,872.0,879.0,865.0,865.0,336100
2021-09-14,7177,871.0,883.0,870.0,876.0,386500
2021-09-13,7177,876.0,878.0,870.0,872.0,299500
2021-09-10,7177,857.0,876.0,857.0,876.0,465800
2021-09-09,7177,866.0,873.0,858.0,861.0,365600
2021-09-08,7177,860.0,872.0,855.0,871.0,456800
2021-09-07,7177,871.0,877.0,859.0,867.0,615700
2021-09-06,7177,842.0,864.0,841.0,862.0,814100
2021-09-03,7177,841.0,842.0,835.0,838.0,252200
2021-09-02,7177,843.0,845.0,832.0,838.0,401400
2021-09-01,7177,826.0,840.0,824.0,840.0,497500
2021-08-31,7177,806.0,822.0,806.0,820.0,373900
2021-08-30,7177,795.0,808.0,795.0,804.0,787000
2021-08-27,7177,790.0,793.0,786.0,793.0,231700
2021-08-26,7177,798.0,801.0,790.0,791.0,276000
2021-08-25,7177,792.0,797.0,789.0,793.0,251200
2021-08-24,7177,789.0,795.0,787.0,789.0,279200
2021-08-23,7177,788.0,794.0,782.0,782.0,285500
2021-08-20,7177,795.0,804.0,780.0,781.0,505100
2021-08-19,7177,813.0,822.0,795.0,796.0,677700
2021-08-18,7177,807.0,826.0,805.0,825.0,344900
2021-08-17,7177,807.0,817.0,807.0,810.0,255800
2021-08-16,7177,821.0,821.0,807.0,814.0,391900
2021-08-13,7177,826.0,826.0,818.0,823.0,268700
2021-08-12,7177,837.0,838.0,821.0,827.0,361200
2021-08-11,7177,829.0,836.0,823.0,835.0,402700
2021-08-10,7177,811.0,823.0,809.0,818.0,464000
2021-08-06,7177,797.0,809.0,797.0,803.0,295800
2021-08-05,7177,801.0,807.0,795.0,797.0,536200
2021-08-04,7177,820.0,821.0,803.0,805.0,552300
2021-08-03,7177,828.0,829.0,817.0,819.0,467000
2021-08-02,7177,829.0,840.0,825.0,837.0,413100
2021-07-30,7177,834.0,835.0,821.0,827.0,368400
2021-07-29,7177,822.0,842.0,822.0,842.0,359700
2021-07-28,7177,831.0,838.0,820.0,821.0,375600
2021-07-27,7177,837.0,843.0,829.0,840.0,374800
2021-07-26,7177,826.0,837.0,823.0,831.0,377200
2021-07-21,7177,833.0,834.0,815.0,815.0,497200
2021-07-20,7177,829.0,835.0,825.0,829.0,378200
2021-07-19,7177,849.0,850.0,835.0,837.0,433900
2021-07-16,7177,833.0,854.0,833.0,854.0,551300
2021-07-15,7177,837.0,841.0,830.0,830.0,405600
2021-07-14,7177,842.0,846.0,835.0,838.0,412000
2021-07-13,7177,850.0,853.0,845.0,845.0,271200
2021-07-12,7177,846.0,847.0,839.0,846.0,290800
2021-07-09,7177,827.0,837.0,820.0,837.0,633000
2021-07-08,7177,846.0,856.0,834.0,837.0,625700
2021-07-07,7177,868.0,868.0,841.0,841.0,963000
2021-07-06,7177,880.0,881.0,871.0,873.0,645900
2021-07-05,7177,884.0,892.0,881.0,886.0,369200
2021-07-02,7177,878.0,892.0,876.0,880.0,489800
2021-07-01,7177,874.0,883.0,869.0,874.0,380500
2021-06-30,7177,874.0,881.0,866.0,874.0,573300
2021-06-29,7177,894.0,894.0,867.0,874.0,1268400
2021-06-28,7177,905.0,931.0,895.0,915.0,1304000
2021-06-25,7177,893.0,904.0,891.0,902.0,666600
2021-06-24,7177,881.0,891.0,872.0,886.0,748200
2021-06-23,7177,904.0,906.0,877.0,877.0,1011300
2021-06-22,7177,870.0,904.0,865.0,902.0,1289400
2021-06-21,7177,860.0,864.0,840.0,858.0,1083200
2021-06-18,7177,860.0,864.0,852.0,854.0,407100
2021-06-17,7177,863.0,864.0,847.0,854.0,419800
2021-06-16,7177,850.0,876.0,847.0,861.0,604700
2021-06-15,7177,851.0,860.0,848.0,850.0,418900
2021-06-14,7177,843.0,850.0,834.0,849.0,287900
2021-06-11,7177,843.0,850.0,841.0,843.0,273100
2021-06-10,7177,839.0,844.0,836.0,844.0,249500
2021-06-09,7177,846.0,849.0,831.0,833.0,478200
2021-06-08,7177,843.0,851.0,841.0,846.0,238700
2021-06-07,7177,847.0,847.0,839.0,843.0,205400
2021-06-04,7177,847.0,848.0,839.0,840.0,272000
2021-06-03,7177,839.0,848.0,837.0,843.0,219500
2021-06-02,7177,835.0,847.0,829.0,837.0,383500
2021-06-01,7177,833.0,837.0,827.0,830.0,280100
2021-05-31,7177,830.0,836.0,820.0,825.0,439700
2021-05-28,7177,833.0,836.0,827.0,832.0,422200
2021-05-27,7177,848.0,849.0,830.0,833.0,895700
2021-05-26,7177,846.0,854.0,835.0,840.0,729500
2021-05-25,7177,842.0,864.0,839.0,856.0,841900
2021-05-24,7177,821.0,823.0,813.0,817.0,331800
2021-05-21,7177,827.0,836.0,823.0,826.0,332800
2021-05-20,7177,810.0,825.0,808.0,821.0,414800
2021-05-19,7177,821.0,823.0,810.0,814.0,384600
2021-05-18,7177,809.0,821.0,806.0,818.0,301000
2021-05-17,7177,815.0,818.0,801.0,809.0,321000
2021-05-14,7177,802.0,816.0,792.0,815.0,428800
2021-05-13,7177,797.0,809.0,773.0,794.0,937000
2021-05-12,7177,830.0,838.0,804.0,819.0,703700
2021-05-11,7177,857.0,857.0,823.0,830.0,1056800
2021-05-10,7177,882.0,892.0,872.0,886.0,461200
2021-05-07,7177,885.0,891.0,869.0,870.0,515000
2021-05-06,7177,858.0,885.0,854.0,885.0,854300
2021-04-30,7177,843.0,847.0,835.0,843.0,432700
2021-04-28,7177,841.0,851.0,833.0,846.0,451900
2021-04-27,7177,845.0,852.0,835.0,842.0,530600
2021-04-26,7177,827.0,842.0,808.0,840.0,903200
2021-04-23,7177,851.0,859.0,818.0,827.0,1021700
2021-04-22,7177,848.0,853.0,836.0,852.0,500000
2021-04-21,7177,860.0,860.0,831.0,834.0,922100
2021-04-20,7177,876.0,886.0,866.0,872.0,531900
2021-04-19,7177,900.0,900.0,880.0,880.0,676600
2021-04-16,7177,905.0,910.0,894.0,909.0,535200
2021-04-15,7177,951.0,954.0,896.0,897.0,1222800
2021-04-14,7177,977.0,981.0,956.0,963.0,635000
2021-04-13,7177,933.0,953.0,933.0,950.0,396400
2021-04-12,7177,924.0,933.0,911.0,933.0,457100
2021-04-09,7177,907.0,921.0,902.0,910.0,519100
2021-04-08,7177,921.0,925.0,897.0,900.0,625300
2021-04-07,7177,900.0,932.0,899.0,929.0,845300
2021-04-06,7177,907.0,913.0,892.0,903.0,904500
2021-04-05,7177,917.0,917.0,895.0,901.0,564900
2021-04-02,7177,904.0,916.0,899.0,914.0,526100
2021-04-01,7177,910.0,913.0,890.0,897.0,525100
2021-03-31,7177,914.0,917.0,899.0,909.0,484200
2021-03-30,7177,910.0,920.0,902.0,914.0,478000
2021-03-29,7177,947.0,951.0,894.0,908.0,949900
2021-03-26,7177,937.0,939.0,924.0,932.0,528800
2021-03-25,7177,906.0,930.0,902.0,925.0,343000
2021-03-24,7177,929.0,930.0,900.0,906.0,637900
2021-03-23,7177,963.0,971.0,947.0,947.0,479600
2021-03-22,7177,980.0,984.0,966.0,973.0,440500
2021-03-19,7177,988.0,997.0,974.0,984.0,675400
2021-03-18,7177,979.0,1008.0,977.0,1001.0,877900
2021-03-17,7177,972.0,981.0,953.0,969.0,563700
2021-03-16,7177,995.0,999.0,971.0,977.0,885400
2021-03-15,7177,1004.0,1024.0,981.0,1021.0,1092100
2021-03-12,7177,981.0,994.0,965.0,981.0,1332500
2021-03-11,7177,905.0,957.0,901.0,955.0,1120600
2021-03-10,7177,900.0,903.0,873.0,891.0,731000
2021-03-09,7177,866.0,898.0,851.0,892.0,672100
2021-03-08,7177,872.0,881.0,843.0,856.0,719700
2021-03-05,7177,875.0,876.0,836.0,855.0,1288800
2021-03-04,7177,910.0,921.0,883.0,895.0,751300
2021-03-03,7177,933.0,935.0,906.0,923.0,920200
2021-03-02,7177,940.0,955.0,917.0,948.0,847600
2021-03-01,7177,916.0,939.0,898.0,914.0,984800
2021-02-26,7177,952.0,958.0,916.0,923.0,1169800
2021-02-25,7177,979.0,980.0,947.0,963.0,603200
2021-02-24,7177,965.0,1003.0,942.0,953.0,1981300
2021-02-22,7177,1030.0,1062.0,976.0,1010.0,3452900
2021-02-19,7177,977.0,1040.0,911.0,955.0,2738700
2021-02-18,7177,1060.0,1090.0,986.0,1017.0,7847100
2021-02-17,7177,813.0,960.0,811.0,940.0,4434700
2021-02-16,7177,796.0,824.0,796.0,814.0,973900
2021-02-15,7177,820.0,821.0,786.0,800.0,876500
2021-02-12,7177,778.0,785.0,770.0,784.0,347700
2021-02-10,7177,786.0,786.0,763.0,773.0,432900
2021-02-09,7177,760.0,787.0,748.0,780.0,917800
2021-02-08,7177,749.0,749.0,734.0,736.0,300900
2021-02-05,7177,749.0,750.0,738.0,742.0,311900
2021-02-04,7177,736.0,746.0,729.0,738.0,538700
2021-02-03,7177,716.0,727.0,707.0,719.0,782800
2021-02-02,7177,731.0,756.0,729.0,745.0,854600
2021-02-01,7177,712.0,726.0,706.0,725.0,166300
2021-01-29,7177,722.0,728.0,710.0,711.0,248700
2021-01-28,7177,711.0,723.0,707.0,720.0,354600
2021-01-27,7177,754.0,754.0,716.0,720.0,675200
2021-01-26,7177,760.0,761.0,747.0,749.0,296600
2021-01-25,7177,750.0,769.0,749.0,769.0,223000
2021-01-22,7177,761.0,767.0,748.0,751.0,391500
2021-01-21,7177,764.0,773.0,762.0,768.0,379600
2021-01-20,7177,772.0,780.0,763.0,769.0,342500
2021-01-19,7177,767.0,779.0,758.0,778.0,393500
2021-01-18,7177,791.0,792.0,757.0,765.0,762700
2021-01-15,7177,802.0,816.0,794.0,810.0,595000
2021-01-14,7177,809.0,822.0,786.0,791.0,787400
2021-01-13,7177,792.0,801.0,783.0,798.0,477200
2021-01-12,7177,800.0,807.0,775.0,803.0,888100
2021-01-08,7177,835.0,837.0,773.0,816.0,1311500
2021-01-07,7177,792.0,829.0,786.0,817.0,1885300
2021-01-06,7177,738.0,781.0,738.0,767.0,973800
2021-01-05,7177,725.0,740.0,718.0,738.0,471900
2021-01-04,7177,728.0,748.0,726.0,733.0,686200
2020-12-30,7177,702.0,719.0,697.0,713.0,401400
2020-12-29,7177,688.0,704.0,686.0,704.0,326100
2020-12-28,7177,703.0,711.0,697.0,706.0,475500
2020-12-25,7177,679.0,693.0,677.0,693.0,300700
2020-12-24,7177,690.0,695.0,683.0,687.0,367100
2020-12-23,7177,700.0,702.0,691.0,695.0,228700
2020-12-22,7177,714.0,715.0,697.0,698.0,385200
2020-12-21,7177,720.0,732.0,716.0,722.0,361300
2020-12-18,7177,716.0,725.0,710.0,715.0,302900
2020-12-17,7177,709.0,719.0,701.0,716.0,436300
2020-12-16,7177,693.0,714.0,692.0,701.0,580700
2020-12-15,7177,689.0,693.0,682.0,690.0,254000
2020-12-14,7177,686.0,694.0,683.0,686.0,221400
2020-12-11,7177,687.0,691.0,684.0,689.0,97500
2020-12-10,7177,690.0,691.0,677.0,691.0,258100
2020-12-09,7177,697.0,702.0,689.0,692.0,225000
2020-12-08,7177,684.0,699.0,683.0,697.0,204400
2020-12-07,7177,702.0,702.0,684.0,689.0,274200
2020-12-04,7177,681.0,703.0,676.0,698.0,689100
2020-12-03,7177,680.0,680.0,671.0,671.0,192200
2020-12-02,7177,690.0,692.0,679.0,680.0,230600
2020-12-01,7177,675.0,693.0,667.0,689.0,631000
2020-11-30,7177,666.0,687.0,659.0,675.0,863400
2020-11-27,7177,640.0,657.0,638.0,657.0,503400
2020-11-26,7177,627.0,638.0,624.0,638.0,211600
2020-11-25,7177,644.0,644.0,627.0,628.0,348500
2020-11-24,7177,642.0,643.0,637.0,641.0,285400
2020-11-20,7177,621.0,627.0,621.0,624.0,110700
2020-11-19,7177,622.0,626.0,620.0,622.0,84700
2020-11-18,7177,623.0,629.0,618.0,622.0,147600
2020-11-17,7177,621.0,624.0,616.0,624.0,161700
2020-11-16,7177,621.0,623.0,615.0,617.0,103700
2020-11-13,7177,616.0,621.0,613.0,614.0,127800
2020-11-12,7177,625.0,627.0,617.0,619.0,164500
2020-11-11,7177,618.0,627.0,618.0,621.0,130000
2020-11-10,7177,629.0,630.0,617.0,619.0,163300
2020-11-09,7177,633.0,633.0,623.0,623.0,115600
2020-11-06,7177,623.0,633.0,622.0,633.0,144700
2020-11-05,7177,607.0,629.0,606.0,626.0,439100
2020-11-04,7177,611.0,616.0,603.0,606.0,216900
2020-11-02,7177,604.0,609.0,601.0,606.0,142900
2020-10-30,7177,606.0,616.0,596.0,599.0,285800
2020-10-29,7177,607.0,612.0,598.0,604.0,428500
2020-10-28,7177,643.0,654.0,616.0,620.0,841600
2020-10-27,7177,647.0,665.0,635.0,663.0,315200
2020-10-26,7177,663.0,670.0,652.0,655.0,256700
2020-10-23,7177,664.0,664.0,644.0,660.0,345300
2020-10-22,7177,656.0,664.0,655.0,661.0,228800
2020-10-21,7177,667.0,669.0,652.0,661.0,303000
2020-10-20,7177,657.0,673.0,653.0,663.0,265800
2020-10-19,7177,655.0,659.0,646.0,659.0,150800
2020-10-16,7177,659.0,659.0,642.0,649.0,227700
2020-10-15,7177,666.0,666.0,653.0,654.0,229500
2020-10-14,7177,661.0,668.0,661.0,666.0,165400
2020-10-13,7177,659.0,675.0,657.0,662.0,417900
2020-10-12,7177,645.0,663.0,645.0,656.0,547500
2020-10-09,7177,643.0,643.0,635.0,641.0,178700
2020-10-08,7177,628.0,650.0,628.0,643.0,391200
2020-10-07,7177,631.0,631.0,626.0,627.0,110200
2020-10-06,7177,634.0,634.0,624.0,628.0,128700
2020-10-05,7177,627.0,635.0,627.0,629.0,125700
2020-10-02,7177,634.0,636.0,621.0,623.0,189900
2020-09-30,7177,647.0,648.0,630.0,632.0,117000
2020-09-29,7177,644.0,650.0,636.0,647.0,138900
2020-09-28,7177,643.0,650.0,641.0,650.0,231000
2020-09-25,7177,638.0,642.0,626.0,642.0,223400
2020-09-24,7177,648.0,648.0,634.0,635.0,198900
2020-09-23,7177,646.0,648.0,639.0,646.0,224700
2020-09-18,7177,633.0,648.0,633.0,641.0,204900
2020-09-17,7177,638.0,641.0,632.0,633.0,130900
2020-09-16,7177,639.0,639.0,626.0,635.0,260900
2020-09-15,7177,622.0,628.0,619.0,619.0,127800
2020-09-14,7177,630.0,633.0,621.0,622.0,297400
2020-09-11,7177,632.0,639.0,627.0,636.0,107300
2020-09-10,7177,629.0,633.0,627.0,631.0,89700
2020-09-09,7177,630.0,635.0,625.0,629.0,141100
2020-09-08,7177,640.0,640.0,627.0,636.0,184700
2020-09-07,7177,650.0,655.0,625.0,634.0,375100
2020-09-04,7177,657.0,660.0,650.0,654.0,195000
2020-09-03,7177,663.0,670.0,662.0,663.0,165200
2020-09-02,7177,665.0,673.0,661.0,666.0,203800
2020-09-01,7177,668.0,670.0,660.0,669.0,179600
2020-08-31,7177,663.0,676.0,662.0,675.0,195800
2020-08-28,7177,674.0,675.0,653.0,660.0,319400
2020-08-27,7177,685.0,685.0,670.0,674.0,180500
2020-08-26,7177,676.0,684.0,673.0,679.0,167800
2020-08-25,7177,671.0,688.0,670.0,679.0,337300
2020-08-24,7177,674.0,675.0,665.0,669.0,159900
2020-08-21,7177,670.0,675.0,667.0,675.0,140600
2020-08-20,7177,672.0,683.0,670.0,673.0,167200
2020-08-19,7177,670.0,674.0,665.0,671.0,139900
2020-08-18,7177,676.0,676.0,664.0,670.0,203000
2020-08-17,7177,675.0,691.0,674.0,676.0,303700
2020-08-14,7177,680.0,680.0,672.0,676.0,179500
2020-08-13,7177,670.0,681.0,666.0,677.0,257900
2020-08-12,7177,668.0,678.0,666.0,670.0,240500
2020-08-11,7177,655.0,674.0,649.0,669.0,260500
2020-08-07,7177,664.0,665.0,650.0,655.0,224700
2020-08-06,7177,658.0,667.0,649.0,666.0,378700
2020-08-05,7177,665.0,673.0,659.0,666.0,273600
2020-08-04,7177,659.0,669.0,653.0,659.0,385700
2020-08-03,7177,670.0,675.0,648.0,659.0,415600
2020-07-31,7177,681.0,687.0,653.0,654.0,633600
2020-07-30,7177,711.0,711.0,685.0,695.0,714100
2020-07-29,7177,712.0,715.0,697.0,711.0,677700
2020-07-28,7177,701.0,742.0,700.0,723.0,1489800
2020-07-27,7177,693.0,697.0,674.0,697.0,335800
2020-07-22,7177,675.0,696.0,669.0,693.0,617600
2020-07-21,7177,710.0,716.0,661.0,673.0,1881700
2020-07-20,7177,646.0,647.0,617.0,634.0,376200
2020-07-17,7177,639.0,658.0,637.0,645.0,523900
2020-07-16,7177,625.0,646.0,620.0,636.0,527200
2020-07-15,7177,612.0,627.0,608.0,621.0,298400
2020-07-14,7177,605.0,606.0,597.0,602.0,167800
2020-07-13,7177,607.0,609.0,598.0,600.0,210500
2020-07-10,7177,603.0,603.0,592.0,594.0,244900
2020-07-09,7177,609.0,615.0,598.0,608.0,320200
2020-07-08,7177,617.0,620.0,609.0,611.0,181800
2020-07-07,7177,630.0,635.0,613.0,618.0,264800
2020-07-06,7177,630.0,632.0,615.0,628.0,238500
2020-07-03,7177,608.0,664.0,606.0,623.0,892800
2020-07-02,7177,626.0,632.0,596.0,603.0,545800
2020-07-01,7177,631.0,647.0,630.0,635.0,187100
2020-06-30,7177,664.0,668.0,628.0,635.0,616500
2020-06-29,7177,715.0,717.0,650.0,654.0,1337800
2020-06-26,7177,700.7,730.19,666.31,706.6,1960410
2020-06-25,7177,619.13,694.81,616.19,655.5,1871171
2020-06-24,7177,626.01,628.96,620.12,626.01,98906
2020-06-23,7177,619.13,631.91,619.13,626.01,211854
2020-06-22,7177,610.29,619.13,609.31,617.17,131976
2020-06-19,7177,604.39,608.32,600.46,608.32,63393
2020-06-18,7177,601.45,612.26,601.45,605.38,102060
2020-06-17,7177,599.48,605.38,599.48,604.39,98193
2020-06-16,7177,599.48,607.34,590.64,600.46,177562
2020-06-15,7177,599.48,604.39,580.81,585.72,202899
2020-06-12,7177,581.79,602.43,580.81,594.57,309640
2020-06-11,7177,618.15,618.15,608.32,609.31,151310
2020-06-10,7177,619.13,623.07,617.17,617.17,115797
2020-06-09,7177,622.08,625.03,616.19,624.05,146222
2020-06-08,7177,627.0,630.93,622.08,624.05,194759
2020-06-05,7177,624.05,627.98,615.2,621.1,265682
2020-06-04,7177,634.86,640.76,620.12,628.96,284812
2020-06-03,7177,633.88,637.81,623.07,630.93,327854
2020-06-02,7177,622.08,640.76,619.13,632.89,487406
2020-06-01,7177,619.13,626.01,608.32,619.13,211040
2020-05-29,7177,609.31,624.05,607.34,617.17,281047
2020-05-28,7177,611.27,624.05,610.29,615.2,350240
2020-05-27,7177,608.32,615.2,599.48,611.27,158331
2020-05-26,7177,618.15,619.13,607.34,610.29,211040
2020-05-25,7177,608.32,618.15,606.36,617.17,258763
2020-05-22,7177,609.31,609.31,589.65,599.48,149274
2020-05-21,7177,611.27,611.27,601.45,606.36,254082
2020-05-20,7177,577.86,612.26,577.86,608.32,483539
2020-05-19,7177,579.82,581.79,572.95,577.86,196794
2020-05-18,7177,572.95,577.86,570.0,570.98,146731
2020-05-15,7177,577.86,589.65,568.03,571.96,230170
2020-05-14,7177,586.7,590.64,574.91,577.86,268531
2020-05-13,7177,564.1,595.55,561.15,595.55,402848
2020-05-12,7177,574.91,575.89,563.12,568.03,202696
2020-05-11,7177,586.7,586.7,572.95,577.86,278401
2020-05-08,7177,571.96,583.76,561.15,582.77,391451
2020-05-07,7177,577.86,578.84,562.14,570.0,268226
2020-05-01,7177,540.51,575.89,540.51,573.93,460034
2020-04-30,7177,556.24,564.1,534.62,539.53,1101090
2020-04-28,7177,515.95,519.88,511.03,519.88,129229
2020-04-27,7177,521.84,522.83,508.08,513.0,314423
2020-04-24,7177,521.84,530.69,515.95,518.89,248587
2020-04-23,7177,510.05,523.81,509.07,519.88,494936
2020-04-22,7177,479.58,493.34,473.69,486.46,171253
2020-04-21,7177,489.41,494.33,481.55,481.55,154260
2020-04-20,7177,489.41,503.17,485.48,498.26,213685
2020-04-17,7177,482.53,499.24,482.53,488.43,132892
2020-04-16,7177,467.79,479.58,465.83,478.6,73976
2020-04-15,7177,479.58,482.53,468.77,469.76,210226
2020-04-14,7177,485.48,487.45,471.72,486.46,163011
2020-04-13,7177,486.46,486.46,473.69,479.58,106029
2020-04-10,7177,474.67,480.57,470.74,479.58,98397
2020-04-09,7177,462.88,474.67,460.91,474.67,141439
2020-04-08,7177,456.98,463.86,453.05,462.88,107148
2020-04-07,7177,456.98,465.83,450.1,458.95,123225
2020-04-06,7177,432.41,450.1,431.43,443.22,212769
2020-04-03,7177,427.5,429.46,418.65,424.55,112337
2020-04-02,7177,428.48,431.43,420.62,427.5,118748
2020-04-01,7177,440.27,447.15,431.43,436.34,98804
2020-03-31,7177,459.93,459.93,443.22,448.14,89239
2020-03-30,7177,436.34,455.02,436.34,453.05,122513
2020-03-27,7177,462.88,465.83,449.12,462.88,121902
2020-03-26,7177,452.07,467.79,449.12,452.07,119765
2020-03-25,7177,458.95,468.77,454.03,468.77,179089
2020-03-24,7177,437.33,448.14,433.39,443.22,130552
2020-03-23,7177,393.1,426.52,393.1,426.52,203306
2020-03-19,7177,417.67,421.6,387.21,394.08,291935
2020-03-18,7177,423.57,438.31,410.79,411.77,219689
2020-03-17,7177,399.98,427.5,398.02,421.6,272194
2020-03-16,7177,431.43,437.33,413.74,415.7,224166
2020-03-13,7177,406.86,424.55,384.26,407.84,587329
2020-03-12,7177,464.84,469.76,445.19,446.17,324089
2020-03-11,7177,481.55,486.46,475.65,475.65,211040
2020-03-10,7177,459.93,482.53,446.17,479.58,325616
2020-03-09,7177,487.45,494.33,471.72,477.62,504094
2020-03-06,7177,522.83,522.83,507.1,507.1,257236
2020-03-05,7177,523.81,531.67,523.81,528.72,137471
2020-03-04,7177,513.0,525.77,510.05,523.81,164232
2020-03-03,7177,531.67,534.62,515.95,515.95,140218
2020-03-02,7177,511.03,532.65,509.07,524.79,377104
2020-02-28,7177,535.6,535.6,513.98,513.98,308623
2020-02-27,7177,550.34,550.34,540.51,540.51,280945
2020-02-26,7177,550.34,552.31,547.39,551.32,272093
2020-02-25,7177,551.32,558.2,550.34,551.32,214805
2020-02-21,7177,560.17,567.05,560.17,565.08,73874
2020-02-20,7177,558.2,567.05,558.2,564.1,120376
2020-02-19,7177,555.26,558.2,554.27,558.2,41821
2020-02-18,7177,558.2,558.2,553.29,555.26,99313
2020-02-17,7177,556.24,556.24,552.31,554.27,125973
2020-02-14,7177,560.17,560.17,557.22,558.2,53523
2020-02-13,7177,564.1,564.1,558.2,560.17,51284
2020-02-12,7177,563.12,565.08,558.2,562.14,98600
2020-02-10,7177,562.14,567.05,560.17,565.08,139099
2020-02-07,7177,564.1,569.01,559.19,561.15,182548
2020-02-06,7177,562.14,570.0,561.15,566.07,173289
2020-02-05,7177,556.24,565.08,554.27,561.15,163418
2020-02-04,7177,553.29,555.26,548.38,551.32,147748
2020-02-03,7177,551.32,561.15,551.32,555.26,106436
2020-01-31,7177,556.24,562.14,556.24,560.17,135843
2020-01-30,7177,560.17,563.12,556.24,557.22,84151
2020-01-29,7177,565.08,565.08,560.17,562.14,50165
2020-01-28,7177,565.08,565.08,558.2,560.17,87509
2020-01-27,7177,570.0,570.98,566.07,567.05,75706
2020-01-24,7177,577.86,577.86,570.98,570.98,95853
2020-01-23,7177,579.82,579.82,574.91,577.86,54642
2020-01-22,7177,582.77,585.72,579.82,579.82,104095
2020-01-21,7177,574.91,586.7,574.91,584.74,160773
2020-01-20,7177,576.88,577.86,573.93,575.89,64207
2020-01-17,7177,576.88,577.86,574.91,577.86,70007
2020-01-16,7177,578.84,580.81,576.88,576.88,56474
2020-01-15,7177,579.82,583.76,577.86,580.81,81913
2020-01-14,7177,582.77,582.77,575.89,578.84,76418
2020-01-10,7177,579.82,583.76,579.82,579.82,52098
2020-01-09,7177,582.77,583.76,580.81,581.79,49351
2020-01-08,7177,576.88,580.81,570.98,577.86,96464
2020-01-07,7177,574.91,577.86,573.93,577.86,79369
2020-01-06,7177,579.82,579.82,572.95,572.95,92800
2019-12-30,7177,583.76,584.74,580.81,581.79,89341
2019-12-27,7177,583.76,584.74,579.82,583.76,285321
2019-12-26,7177,583.66,587.55,582.68,587.55,396910
2019-12-25,7177,578.79,583.66,578.79,583.66,287325
2019-12-24,7177,580.74,581.71,579.77,580.74,161704
2019-12-23,7177,583.66,583.66,580.74,582.68,188741
2019-12-20,7177,583.66,583.66,580.74,583.66,118117
2019-12-19,7177,582.68,584.63,579.77,583.66,160779
2019-12-18,7177,581.71,581.71,577.82,580.74,167975
2019-12-17,7177,586.58,587.55,580.74,581.71,157386
2019-12-16,7177,583.66,588.52,582.68,586.58,128500
2019-12-13,7177,587.55,587.55,578.79,580.74,246412
2019-12-12,7177,584.63,585.6,583.66,584.63,86352
2019-12-11,7177,585.6,586.58,583.66,584.63,110304
2019-12-10,7177,589.5,591.44,584.63,585.6,145256
2019-12-09,7177,593.39,594.36,590.47,592.41,135079
2019-12-06,7177,594.36,596.31,593.39,593.39,89848
2019-12-05,7177,601.17,601.17,594.36,596.31,81006
2019-12-04,7177,598.25,602.14,592.41,601.17,129117
2019-12-03,7177,603.12,603.12,594.36,599.22,136107
2019-12-02,7177,603.12,607.01,602.14,602.14,147313
2019-11-29,7177,603.12,608.95,601.17,608.95,119350
2019-11-28,7177,603.12,605.06,602.14,604.09,93239
2019-11-27,7177,603.12,607.98,602.14,607.01,147210
2019-11-26,7177,605.06,607.98,601.17,607.98,101978
2019-11-25,7177,602.14,605.06,601.17,604.09,62296
2019-11-22,7177,596.31,602.14,593.39,602.14,100641
2019-11-21,7177,602.14,602.14,591.44,597.28,93651
2019-11-20,7177,605.06,605.06,598.25,600.2,51914
2019-11-19,7177,593.39,611.87,593.39,606.03,174863
2019-11-18,7177,588.52,595.33,588.52,592.41,118014
2019-11-15,7177,587.55,590.47,584.63,588.52,101156
2019-11-14,7177,587.55,588.52,583.66,586.58,109071
2019-11-13,7177,587.55,590.47,587.55,587.55,92006
2019-11-12,7177,588.52,589.5,585.6,587.55,57157
2019-11-11,7177,588.52,589.5,586.58,588.52,59007
2019-11-08,7177,590.47,590.47,586.58,588.52,98894
2019-11-07,7177,586.58,589.5,584.63,586.58,58287
2019-11-06,7177,586.58,590.47,586.58,590.47,86661
2019-11-05,7177,582.68,588.52,581.71,586.58,159237
2019-11-01,7177,575.87,580.74,575.87,577.82,69595
2019-10-31,7177,577.82,581.71,576.85,580.74,72474
2019-10-30,7177,580.74,585.6,578.79,580.74,143406
2019-10-29,7177,579.77,583.66,577.82,577.82,69492
2019-10-28,7177,573.93,578.79,569.06,577.82,114108
2019-10-25,7177,568.09,573.93,568.09,571.01,94576
2019-10-24,7177,568.09,569.06,566.14,567.12,96837
2019-10-23,7177,569.06,569.06,566.14,567.12,155742
2019-10-21,7177,564.2,567.12,563.23,567.12,63428
2019-10-18,7177,567.12,567.12,562.25,563.23,156359
2019-10-17,7177,566.14,567.12,564.2,566.14,79362
2019-10-16,7177,570.04,571.01,565.17,566.14,78128
2019-10-15,7177,569.06,571.01,564.2,567.12,75969
2019-10-11,7177,564.2,568.09,561.28,567.12,65586
2019-10-10,7177,564.2,568.09,563.23,565.17,54278
2019-10-09,7177,566.14,566.14,563.23,566.14,34027
2019-10-08,7177,569.06,569.06,563.23,566.14,118939
2019-10-07,7177,571.98,572.96,563.23,566.14,105473
2019-10-04,7177,572.96,573.93,569.06,573.93,67540
2019-10-03,7177,572.96,575.87,570.04,571.98,103519
2019-10-02,7177,580.74,581.71,576.85,579.77,90978
2019-10-01,7177,584.63,584.63,579.77,581.71,139911
2019-09-30,7177,584.63,585.6,576.85,580.74,106501
2019-09-27,7177,582.68,589.5,576.85,582.68,148751
2019-09-26,7177,574.9,578.72,572.02,575.85,162812
2019-09-25,7177,572.02,572.98,565.32,572.98,89755
2019-09-24,7177,572.98,573.94,562.44,568.19,130041
2019-09-20,7177,571.07,574.9,566.27,572.02,109272
2019-09-19,7177,573.94,577.77,571.07,571.07,95808
2019-09-18,7177,579.69,580.64,572.98,575.85,103532
2019-09-17,7177,580.64,586.39,579.69,583.52,82762
2019-09-13,7177,581.6,585.44,579.69,584.47,103218
2019-09-12,7177,583.52,586.39,581.6,583.52,72535
2019-09-11,7177,577.77,584.47,576.81,584.47,70657
2019-09-10,7177,572.02,581.6,572.02,579.69,87355
2019-09-09,7177,565.32,572.98,562.44,571.07,61993
2019-09-06,7177,562.44,564.36,561.49,563.4,41746
2019-09-05,7177,562.44,567.24,560.52,563.4,101862
2019-09-04,7177,552.86,559.57,552.86,556.69,46652
2019-09-03,7177,549.99,558.61,548.07,555.74,95286
2019-09-02,7177,549.99,554.77,549.99,551.9,23483
2019-08-30,7177,549.99,555.74,549.03,551.9,77336
2019-08-29,7177,543.28,551.9,543.28,547.11,67526
2019-08-28,7177,544.24,546.16,542.32,545.19,48113
2019-08-27,7177,539.44,546.16,538.49,544.24,62516
2019-08-26,7177,533.69,539.44,533.69,535.61,82137
2019-08-23,7177,540.41,544.24,540.41,543.28,58550
2019-08-22,7177,544.24,547.11,538.49,540.41,84433
2019-08-21,7177,548.07,548.07,539.44,542.32,77753
2019-08-20,7177,550.94,554.77,548.07,549.03,63663
2019-08-19,7177,549.03,553.82,549.03,553.82,41537
2019-08-16,7177,545.19,550.94,543.28,547.11,39868
2019-08-15,7177,538.49,548.07,538.49,546.16,96434
2019-08-14,7177,542.32,547.11,541.36,545.19,64602
2019-08-13,7177,532.74,542.32,532.74,540.41,72848
2019-08-09,7177,546.16,546.16,542.32,542.32,91843
2019-08-08,7177,549.03,549.03,543.28,545.19,48113
2019-08-07,7177,546.16,549.99,543.28,547.11,112089
2019-08-06,7177,532.74,545.19,532.74,543.28,148201
2019-08-05,7177,551.9,553.82,543.28,547.11,181910
2019-08-02,7177,567.24,567.24,549.99,551.9,168135
2019-08-01,7177,571.07,573.94,568.19,568.19,44251
2019-07-31,7177,572.02,574.9,567.24,569.15,64917
2019-07-30,7177,569.15,577.77,564.36,576.81,168864
2019-07-29,7177,565.32,569.15,563.4,569.15,90590
2019-07-26,7177,561.49,566.27,559.57,563.4,103844
2019-07-25,7177,563.4,564.36,559.57,561.49,38094
2019-07-24,7177,559.57,565.32,559.57,559.57,96852
2019-07-23,7177,557.65,566.27,556.69,559.57,188172
2019-07-22,7177,569.15,570.11,560.52,561.49,178153
2019-07-19,7177,565.32,573.94,565.32,571.07,128058
2019-07-18,7177,575.85,576.81,566.27,567.24,146843
2019-07-17,7177,578.72,580.64,574.9,576.81,92260
2019-07-16,7177,581.6,582.56,573.94,581.6,153731
2019-07-12,7177,590.22,592.14,581.6,581.6,222091
2019-07-11,7177,597.89,601.72,592.14,595.02,70865
2019-07-10,7177,593.1,598.85,591.19,597.89,63351
2019-07-09,7177,594.06,595.02,591.19,592.14,42373
2019-07-08,7177,593.1,595.97,589.27,593.1,59801
2019-07-05,7177,595.97,596.93,589.27,593.1,118978
2019-07-04,7177,603.64,608.43,595.02,595.97,207063
2019-07-03,7177,601.72,602.68,594.06,601.72,79423
2019-07-02,7177,608.43,613.22,596.93,599.8,177318
2019-07-01,7177,616.1,616.1,604.6,608.43,157697
2019-06-28,7177,613.22,616.1,604.6,608.43,174709
2019-06-27,7177,617.05,618.01,611.3,614.18,187546
2019-06-26,7177,593.1,615.14,590.22,609.39,409324
2019-06-25,7177,606.45,606.45,596.99,603.62,244794
2019-06-24,7177,608.34,608.34,590.37,596.99,259379
2019-06-21,7177,593.21,601.72,574.28,578.08,645278
2019-06-20,7177,593.21,598.88,583.75,583.75,219531
2019-06-19,7177,596.04,603.62,595.1,596.99,119543
2019-06-18,7177,614.97,621.58,592.26,595.1,469187
2019-06-17,7177,560.1,611.18,560.1,606.45,1006443
2019-06-14,7177,546.85,560.1,544.01,552.53,293730
2019-06-13,7177,548.74,548.74,536.44,537.38,193107
2019-06-12,7177,546.85,552.53,539.28,546.85,358945
2019-06-11,7177,542.12,547.8,539.28,546.85,96606
2019-06-10,7177,546.85,550.64,540.22,542.12,107388
2019-06-07,7177,541.16,550.64,538.33,541.16,155374
2019-06-06,7177,532.65,540.22,531.71,539.28,117957
2019-06-05,7177,529.81,531.71,526.03,529.81,101786
2019-06-04,7177,521.3,528.87,520.36,521.3,84451
2019-06-03,7177,528.87,528.87,520.36,521.3,161823
2019-05-31,7177,530.77,532.65,527.93,528.87,106119
2019-05-30,7177,535.49,536.44,530.77,533.6,104112
2019-05-29,7177,537.38,539.28,532.65,537.38,107388
2019-05-28,7177,538.33,544.01,536.44,542.12,182326
2019-05-27,7177,543.06,543.06,534.55,538.33,75045
2019-05-24,7177,534.55,536.44,527.93,534.55,112673
2019-05-23,7177,544.96,544.96,534.55,540.22,105485
2019-05-22,7177,544.96,545.91,543.06,545.91,57182
2019-05-21,7177,548.74,549.69,543.06,544.01,69548
2019-05-20,7177,551.58,556.32,546.85,547.8,73987
2019-05-17,7177,539.28,548.74,539.28,548.74,158862
2019-05-16,7177,541.16,542.12,538.33,538.33,163724
2019-05-15,7177,538.33,543.06,535.49,541.16,182115
2019-05-14,7177,532.65,539.28,526.03,536.44,267519
2019-05-13,7177,544.01,544.01,539.28,540.22,153260
2019-05-10,7177,543.06,544.01,538.33,543.06,353660
2019-05-09,7177,548.74,548.74,543.06,544.01,172920
2019-05-08,7177,544.96,551.58,544.96,548.74,209807
2019-05-07,7177,554.42,559.15,529.81,548.74,500474
2019-04-26,7177,590.37,592.26,558.2,563.88,667474
2019-04-25,7177,589.43,596.99,588.47,592.26,182326
2019-04-24,7177,600.78,600.78,588.47,589.43,401648
2019-04-23,7177,611.18,614.97,608.34,609.29,141000
2019-04-22,7177,615.91,615.91,611.18,612.13,86038
2019-04-19,7177,617.8,618.75,612.13,614.97,169749
2019-04-18,7177,622.54,624.42,617.8,618.75,86144
2019-04-17,7177,620.64,628.22,617.8,625.37,212028
2019-04-16,7177,619.7,621.58,616.85,618.75,93435
2019-04-15,7177,619.7,621.58,615.91,617.8,123877
2019-04-12,7177,615.91,628.22,614.01,617.8,396785
2019-04-11,7177,620.64,621.58,614.97,615.91,344571
2019-04-10,7177,628.22,629.17,620.64,624.42,264347
2019-04-09,7177,619.7,653.76,614.97,632.95,659757
2019-04-08,7177,617.8,623.48,612.13,619.7,414965
2019-04-05,7177,619.7,622.54,615.91,617.8,221223
2019-04-04,7177,623.48,628.22,618.75,619.7,221117
2019-04-03,7177,639.57,640.52,623.48,625.37,258111
2019-04-02,7177,618.75,652.81,614.01,633.9,598138
2019-04-01,7177,613.07,627.26,613.07,617.8,258745
2019-03-29,7177,610.23,614.01,607.4,610.23,84558
2019-03-28,7177,622.54,622.54,607.4,608.34,197864
2019-03-27,7177,629.17,632.0,619.7,623.48,168163
2019-03-26,7177,615.4,628.59,613.51,626.7,198107
2019-03-25,7177,622.0,622.94,608.8,614.47,230788
2019-03-22,7177,629.54,632.36,625.77,628.59,261561
2019-03-20,7177,631.42,631.42,625.77,629.54,191741
2019-03-19,7177,631.42,636.14,628.59,632.36,229092
2019-03-18,7177,636.14,639.91,631.42,633.31,184738
2019-03-15,7177,635.18,639.91,633.31,636.14,119691
2019-03-14,7177,641.79,648.37,635.18,635.18,175080
2019-03-13,7177,646.49,648.37,634.25,642.72,160545
2019-03-12,7177,649.33,655.93,645.55,646.49,183147
2019-03-11,7177,638.01,653.1,638.01,647.44,218693
2019-03-08,7177,650.26,652.15,633.31,638.01,313979
2019-03-07,7177,661.59,661.59,653.1,660.64,157148
2019-03-06,7177,660.64,662.52,658.76,662.52,171792
2019-03-05,7177,651.21,660.64,651.21,660.64,327774
2019-03-04,7177,650.26,657.82,650.26,654.99,213917
2019-03-01,7177,650.26,654.99,650.26,650.26,205216
2019-02-28,7177,647.44,657.82,642.72,652.15,395578
2019-02-27,7177,636.14,649.33,633.31,647.44,302943
2019-02-26,7177,636.14,638.96,627.66,634.25,202989
2019-02-25,7177,633.31,640.83,629.54,633.31,172323
2019-02-22,7177,631.42,634.25,623.88,629.54,189618
2019-02-21,7177,631.42,634.25,627.66,631.42,179962
2019-02-20,7177,646.49,648.37,629.54,632.36,358757
2019-02-19,7177,629.54,643.67,629.54,638.96,443221
2019-02-18,7177,622.0,631.42,618.24,630.47,376795
2019-02-15,7177,603.16,614.47,603.16,609.75,229728
2019-02-14,7177,598.45,622.0,597.49,607.86,495003
2019-02-13,7177,594.67,600.33,590.9,597.49,331805
2019-02-12,7177,598.45,601.27,591.84,594.67,447253
2019-02-08,7177,599.38,600.33,593.73,600.33,277689
2019-02-07,7177,606.92,606.92,593.73,602.21,288088
2019-02-06,7177,605.99,609.75,592.78,606.92,424756
2019-02-05,7177,610.69,620.12,605.03,605.03,907452
2019-02-04,7177,557.91,570.16,557.91,566.4,172003
2019-02-01,7177,563.56,567.33,555.1,558.86,156405
2019-01-31,7177,560.74,567.33,557.91,561.68,193332
2019-01-30,7177,570.16,570.16,556.02,559.8,235775
2019-01-29,7177,573.93,574.87,563.56,569.22,161287
2019-01-28,7177,570.16,573.93,562.63,568.28,120010
2019-01-25,7177,572.98,575.82,566.4,566.4,151844
2019-01-24,7177,560.74,574.87,556.98,570.16,164469
2019-01-23,7177,564.51,567.33,559.8,561.68,89662
2019-01-22,7177,573.93,579.58,558.86,565.45,191528
2019-01-21,7177,575.82,585.23,572.98,576.77,253815
2019-01-18,7177,572.05,576.77,565.45,566.4,202563
2019-01-17,7177,556.02,574.87,555.1,567.33,267290
2019-01-16,7177,541.89,557.91,533.41,556.02,326182
2019-01-15,7177,547.55,549.43,540.01,540.01,166275
2019-01-11,7177,548.48,548.48,541.89,541.89,139003
2019-01-10,7177,549.43,553.19,541.89,547.55,189194
2019-01-09,7177,561.68,562.63,548.48,551.32,238005
2019-01-08,7177,557.91,562.63,551.32,555.1,233018
2019-01-07,7177,546.61,558.86,546.61,557.91,236731
2019-01-04,7177,526.81,538.13,522.09,537.18,301352
2018-12-28,7177,542.84,543.78,528.7,534.35,256786
2018-12-27,7177,523.97,549.43,523.04,540.01,470811
2018-12-26,7177,490.05,508.91,490.05,503.26,585408
2018-12-25,7177,495.5,513.19,492.7,499.23,927748
2018-12-21,7177,537.41,540.21,511.35,520.64,851518
2018-12-20,7177,548.59,554.18,537.41,537.41,701421
2018-12-19,7177,546.74,550.47,541.13,544.88,554222
2018-12-18,7177,549.53,551.37,541.13,550.47,573762
2018-12-17,7177,554.18,556.98,551.37,554.18,251664
2018-12-14,7177,564.43,565.35,552.32,558.84,255960
2018-12-13,7177,562.57,567.23,559.77,563.48,271957
2018-12-12,7177,548.59,560.7,546.74,558.84,465753
2018-12-11,7177,566.29,571.87,541.13,544.88,875140
2018-12-10,7177,579.33,581.2,565.35,570.94,670500
2018-12-07,7177,590.5,595.17,579.33,584.92,677693
2018-12-06,7177,596.09,602.6,588.65,596.09,624440
2018-12-05,7177,597.02,600.75,591.44,600.75,568394
2018-12-04,7177,609.13,613.79,600.75,602.6,429571
2018-12-03,7177,619.38,623.1,606.32,609.13,436871
2018-11-30,7177,615.67,626.83,614.72,616.59,1250919
2018-11-29,7177,623.1,624.04,614.72,618.44,400367
2018-11-28,7177,613.79,620.31,612.86,614.72,275608
2018-11-27,7177,603.55,625.9,603.55,611.0,335304
2018-11-26,7177,607.26,612.86,598.88,601.68,359461
2018-11-22,7177,611.0,612.86,602.6,611.0,263046
2018-11-21,7177,614.72,614.72,593.31,607.26,657186
2018-11-20,7177,633.35,639.87,618.44,624.04,326715
2018-11-19,7177,633.35,645.44,633.35,641.73,172538
2018-11-16,7177,639.87,648.26,631.49,632.42,361607
2018-11-15,7177,640.79,643.6,636.15,639.87,236205
2018-11-14,7177,649.19,657.56,641.73,645.44,473913
2018-11-13,7177,647.32,648.26,635.2,639.87,430215
2018-11-12,7177,650.11,654.77,650.11,650.11,185313
2018-11-09,7177,654.77,659.43,650.11,654.77,353770
2018-11-08,7177,661.29,667.81,656.63,656.63,315119
2018-11-07,7177,660.37,663.15,656.63,658.5,235238
2018-11-06,7177,661.29,669.67,657.56,661.29,206678
2018-11-05,7177,662.22,668.74,657.56,661.29,189930
2018-11-02,7177,662.22,670.61,656.63,668.74,501506
2018-11-01,7177,678.97,680.85,656.63,663.15,333694
2018-10-31,7177,669.67,682.73,669.67,678.97,358064
2018-10-30,7177,651.99,674.33,649.19,671.54,304274
2018-10-29,7177,669.67,678.97,654.77,654.77,352266
2018-10-26,7177,664.1,670.61,648.26,663.15,385337
2018-10-25,7177,655.7,663.15,645.44,656.63,431073
2018-10-24,7177,668.74,678.97,662.22,677.12,151278
2018-10-23,7177,666.87,683.64,665.01,668.74,318446
2018-10-22,7177,688.31,693.89,675.26,675.26,216449
2018-10-19,7177,668.74,693.89,667.81,676.19,639685
2018-10-18,7177,667.81,674.33,665.95,672.46,292035
2018-10-17,7177,665.95,678.05,665.95,670.61,389523
2018-10-16,7177,651.99,661.29,650.11,660.37,289244
2018-10-15,7177,656.63,664.1,652.9,656.63,441704
2018-10-12,7177,631.49,664.1,628.69,662.22,1448472
2018-10-11,7177,641.73,651.04,638.94,640.79,713338
2018-10-10,7177,693.89,697.62,665.01,668.74,628413
2018-10-09,7177,732.07,732.07,688.31,692.97,556691
2018-10-05,7177,735.8,739.52,735.8,735.8,197230
2018-10-04,7177,745.11,747.91,733.94,735.8,756821
2018-10-03,7177,798.21,798.21,755.36,755.36,326715
2018-10-02,7177,818.7,824.28,800.07,801.94,110050
2018-10-01,7177,805.65,818.7,803.79,808.45,79558
2018-09-28,7177,800.99,806.6,799.14,799.14,39403
2018-09-27,7177,800.99,803.79,794.49,798.21,86000
2018-09-26,7177,798.21,805.65,789.83,791.7,331010
2018-09-25,7177,836.9,849.82,830.46,845.21,42097
2018-09-21,7177,824.93,833.24,821.25,829.53,50342
2018-09-20,7177,820.32,824.93,817.54,824.93,34068
2018-09-19,7177,823.09,823.09,812.94,820.32,22892
2018-09-18,7177,813.86,820.32,813.86,818.48,28208
2018-09-14,7177,804.65,815.72,799.12,813.86,27124
2018-09-13,7177,793.58,806.5,786.21,799.12,23218
2018-09-12,7177,799.12,800.95,787.14,792.66,50558
2018-09-11,7177,785.29,791.76,781.6,786.21,12586
2018-09-10,7177,781.6,800.95,778.84,784.38,35153
2018-09-07,7177,776.07,793.58,776.07,786.21,25931
2018-09-06,7177,779.78,801.89,776.07,776.07,36346
2018-09-05,7177,806.5,819.4,788.06,788.06,46869
2018-09-04,7177,801.89,816.64,794.52,816.64,73126
2018-09-03,7177,792.66,792.66,784.38,786.21,21048
2018-08-31,7177,788.97,792.66,779.78,784.38,30814
2018-08-30,7177,764.1,808.34,764.1,789.91,93738
2018-08-29,7177,768.7,769.62,762.25,763.18,19204
2018-08-28,7177,767.79,767.79,756.72,767.79,26798
2018-08-27,7177,764.1,765.93,753.95,755.81,25061
2018-08-24,7177,777.92,780.68,756.72,761.32,28643
2018-08-23,7177,744.73,770.55,743.82,769.62,44049
2018-08-22,7177,736.44,745.66,730.91,741.06,35587
2018-08-21,7177,729.99,738.29,729.99,730.91,15949
2018-08-20,7177,737.36,742.89,727.23,733.68,60214
2018-08-17,7177,744.73,744.73,731.84,731.84,54790
2018-08-16,7177,743.82,745.66,733.68,738.29,59888
2018-08-15,7177,768.7,768.7,750.27,753.03,25170
2018-08-14,7177,753.95,765.02,748.43,756.72,54790
2018-08-13,7177,775.16,778.84,750.27,753.95,88966
2018-08-10,7177,795.43,795.43,780.68,787.14,40143
2018-08-09,7177,793.58,798.2,780.68,796.36,30487
2018-08-08,7177,797.28,804.65,793.58,795.43,46110
2018-08-07,7177,776.07,795.43,776.07,794.52,51534
2018-08-06,7177,788.97,801.89,777.92,781.6,78984
2018-08-03,7177,813.86,813.86,792.66,792.66,38192
2018-08-02,7177,818.48,820.32,799.12,810.17,71065
2018-08-01,7177,827.69,827.69,797.28,818.48,66726
2018-07-31,7177,829.53,831.38,814.79,821.25,48387
2018-07-30,7177,830.46,846.12,830.46,835.06,42963
2018-07-27,7177,857.18,857.18,836.9,836.9,56091
2018-07-26,7177,846.12,860.87,842.44,856.27,85819
2018-07-25,7177,850.73,856.27,830.46,837.83,75511
2018-07-24,7177,847.98,851.65,841.52,845.21,36996
2018-07-23,7177,848.89,859.95,835.06,847.98,58479
2018-07-20,7177,842.44,862.7,838.74,859.95,114461
2018-07-19,7177,842.44,844.29,820.32,835.06,169468
2018-07-18,7177,781.6,808.34,781.6,808.34,73885
2018-07-17,7177,786.21,792.66,776.99,778.84,30378
2018-07-13,7177,807.41,809.26,786.21,786.21,43833
2018-07-12,7177,810.17,817.54,799.12,803.74,35478
2018-07-11,7177,800.95,804.65,784.38,798.2,44265
2018-07-10,7177,797.28,807.41,793.58,805.56,61517
2018-07-09,7177,763.18,800.95,763.18,796.36,87882
2018-07-06,7177,744.73,761.32,742.89,761.32,53921
2018-07-05,7177,768.7,770.55,741.06,750.27,129218
2018-07-04,7177,786.21,787.14,767.79,768.7,81588
2018-07-03,7177,776.99,804.65,770.55,776.99,96345
2018-07-02,7177,801.89,801.89,772.39,775.16,67484
2018-06-29,7177,786.21,800.04,784.38,787.14,37431
2018-06-28,7177,811.1,813.86,779.78,789.91,96125
2018-06-27,7177,808.34,822.15,804.65,807.41,95583
2018-06-26,7177,798.23,812.85,785.46,800.06,133185
2018-06-25,7177,829.25,830.16,798.23,800.96,196655
2018-06-22,7177,805.52,841.12,789.1,841.12,345294
2018-06-21,7177,794.59,819.2,794.59,803.72,75089
2018-06-20,7177,801.89,811.92,790.03,797.32,102383
2018-06-19,7177,828.34,835.64,803.72,806.45,107534
2018-06-18,7177,848.39,850.23,822.86,826.5,99313
2018-06-15,7177,834.74,858.44,830.16,848.39,141845
2018-06-14,7177,823.77,833.82,810.09,827.42,120687
2018-06-13,7177,841.12,843.84,810.09,810.09,157301
2018-06-12,7177,847.5,855.71,841.12,841.12,52177
2018-06-11,7177,871.22,873.05,839.28,839.28,129567
2018-06-08,7177,871.22,893.12,861.17,878.51,119593
2018-06-07,7177,837.46,882.15,837.46,873.95,126389
2018-06-06,7177,857.53,870.31,824.68,836.55,197966
2018-06-05,7177,879.43,891.3,854.8,861.17,140202
2018-06-04,7177,861.17,883.99,861.17,883.07,141954
2018-06-01,7177,852.97,859.36,841.12,854.8,155327
2018-05-31,7177,859.36,869.38,845.67,852.97,208602
2018-05-30,7177,821.04,857.53,816.49,857.53,314929
2018-05-29,7177,796.42,859.36,795.5,843.84,437152
2018-05-28,7177,809.2,811.01,779.99,800.06,140419
2018-05-25,7177,811.92,814.65,796.42,810.09,100191
2018-05-24,7177,792.75,821.04,788.18,811.92,342552
2018-05-23,7177,779.99,800.96,776.35,795.5,184047
2018-05-22,7177,779.1,780.91,763.56,776.35,116414
2018-05-21,7177,781.81,791.85,773.6,785.46,126500
2018-05-18,7177,770.87,783.64,767.21,780.91,105889
2018-05-17,7177,745.32,779.1,745.32,779.1,182292
2018-05-16,7177,720.69,759.0,719.79,745.32,240061
2018-05-15,7177,724.33,735.3,709.74,714.31,163108
2018-05-14,7177,716.13,737.1,716.13,729.8,149189
2018-05-11,7177,738.95,753.55,708.83,716.13,232935
2018-05-10,7177,756.26,756.26,725.24,738.95,162889
2018-05-09,7177,764.48,764.48,749.87,759.0,104466
2018-05-08,7177,784.54,790.93,757.18,769.03,192815
2018-05-07,7177,756.26,795.5,749.87,793.67,357242
2018-05-02,7177,757.18,761.74,748.97,756.26,124305
2018-05-01,7177,758.1,758.1,738.95,755.35,118386
2018-04-27,7177,751.71,764.48,739.86,758.1,150174
2018-04-26,7177,747.15,749.87,725.24,743.49,168591
2018-04-25,7177,727.99,768.13,725.24,747.15,382125
2018-04-24,7177,703.36,729.8,703.36,728.9,278974
2018-04-23,7177,697.89,711.55,697.89,709.74,160809
2018-04-20,7177,687.86,701.54,687.86,693.31,101286
2018-04-19,7177,688.76,690.59,684.2,690.59,69717
2018-04-18,7177,692.4,693.31,686.01,686.94,45929
2018-04-17,7177,683.3,698.79,676.91,684.2,186240
2018-04-16,7177,675.08,689.69,673.24,685.13,231839
2018-04-13,7177,664.14,668.69,659.59,667.77,74431
2018-04-12,7177,653.19,657.76,650.45,655.02,26855
2018-04-11,7177,656.84,658.67,650.45,654.09,52508
2018-04-10,7177,670.51,671.43,652.26,660.47,116414
2018-04-09,7177,655.93,673.24,654.09,665.96,111371
2018-04-06,7177,656.84,656.84,653.19,653.19,55796
2018-04-05,7177,655.93,660.47,655.02,656.84,49329
2018-04-04,7177,656.84,659.59,654.09,654.09,53164
2018-04-03,7177,647.7,655.93,644.06,652.26,106877
2018-04-02,7177,655.93,655.93,650.45,650.45,48670
2018-03-30,7177,653.19,654.09,647.7,651.36,52287
2018-03-29,7177,649.54,655.02,647.7,652.26,48560
2018-03-28,7177,640.41,649.54,640.41,644.97,32447
2018-03-27,7177,646.81,655.93,643.14,650.45,66429
2018-03-26,7177,629.46,639.5,629.46,638.58,53822
2018-03-23,7177,641.33,648.62,638.58,639.5,97889
2018-03-22,7177,652.26,656.84,650.45,656.84,32665
2018-03-20,7177,645.89,654.09,641.33,652.26,60948
2018-03-19,7177,656.84,656.84,640.41,649.54,75855
2018-03-16,7177,657.76,658.67,651.36,655.93,43300
2018-03-15,7177,668.69,668.69,649.54,657.76,163219
2018-03-14,7177,670.51,680.56,666.85,669.59,98436
2018-03-13,7177,654.09,680.56,654.09,676.91,192158
2018-03-12,7177,647.7,660.47,647.7,656.84,100081
2018-03-09,7177,667.77,667.77,649.54,650.45,175714
2018-03-08,7177,668.69,676.91,660.47,662.31,282264
2018-03-07,7177,685.13,688.76,658.67,665.96,618569
2018-03-06,7177,652.26,676.91,637.67,665.04,437591
2018-03-05,7177,681.46,708.83,636.77,638.58,1405617
2018-03-02,7177,620.35,673.24,615.78,665.04,517282
2018-03-01,7177,625.82,635.84,621.27,629.46,148859
2018-02-28,7177,619.44,627.66,617.61,625.82,113345
2018-02-27,7177,620.35,623.08,615.78,621.27,82760
2018-02-26,7177,614.87,618.52,606.65,618.52,173085
2018-02-23,7177,603.92,611.21,600.27,610.3,131540
2018-02-22,7177,600.27,603.01,598.46,598.46,56671
2018-02-21,7177,602.09,608.49,598.46,601.18,120030
2018-02-20,7177,602.09,607.57,597.54,603.01,167715
2018-02-19,7177,596.62,606.65,595.72,603.01,157630
2018-02-16,7177,586.6,592.96,584.77,592.05,54260
2018-02-15,7177,598.46,601.18,577.47,586.6,223838
2018-02-14,7177,611.21,611.21,585.68,592.05,258038
2018-02-13,7177,622.17,624.0,609.39,611.21,108630
2018-02-09,7177,597.54,610.3,597.54,608.49,162781
2018-02-08,7177,608.49,620.35,608.49,618.52,79691
2018-02-07,7177,615.78,628.56,607.57,607.57,176811
2018-02-06,7177,619.44,619.44,595.72,599.35,445264
2018-02-05,7177,644.97,647.7,641.33,643.14,205642
2018-02-02,7177,653.19,662.31,649.54,655.93,175936
2018-02-01,7177,658.67,658.67,652.26,654.09,95913
2018-01-31,7177,654.09,663.22,650.45,650.45,191501
2018-01-30,7177,673.24,674.15,656.84,664.14,211343
2018-01-29,7177,684.2,697.89,665.04,676.0,530765
2018-01-26,7177,656.84,658.67,652.26,655.93,95804
2018-01-25,7177,661.39,662.31,658.67,658.67,30255
2018-01-24,7177,661.39,664.14,659.59,661.39,62591
2018-01-23,7177,665.04,670.51,660.47,664.14,186130
2018-01-22,7177,655.02,657.76,650.45,655.02,80677
2018-01-19,7177,654.09,656.84,653.19,655.02,23677
2018-01-18,7177,659.59,659.59,654.09,655.93,59304
2018-01-17,7177,660.47,661.39,649.54,653.19,114769
2018-01-16,7177,664.14,664.14,659.59,662.31,50534
2018-01-15,7177,661.39,665.04,660.47,664.14,46368
2018-01-12,7177,664.14,664.14,658.67,660.47,57658
2018-01-11,7177,662.31,663.22,657.76,661.39,81337
2018-01-10,7177,660.47,668.69,655.93,666.85,148530
2018-01-09,7177,658.67,662.31,654.09,662.31,101067
2018-01-05,7177,657.76,659.59,652.26,659.59,79472
2018-01-04,7177,654.09,659.59,652.26,656.84,81883
2017-12-29,7177,652.26,656.84,647.7,653.19,69497
2017-12-28,7177,652.26,657.76,651.36,652.26,51629
2017-12-27,7177,640.41,656.84,640.41,652.26,171878
2017-12-26,7177,656.84,660.47,655.02,660.47,154231
2017-12-25,7177,661.39,661.39,656.84,657.76,124853
2017-12-22,7177,665.04,665.04,658.67,661.39,94709
2017-12-21,7177,668.69,672.34,664.14,665.04,76074
2017-12-20,7177,670.51,675.08,665.96,668.69,104245
2017-12-19,7177,668.69,672.34,665.04,670.51,97340
2017-12-18,7177,670.51,685.13,669.59,669.59,207395
2017-12-15,7177,669.59,669.59,660.47,665.96,98327
2017-12-14,7177,669.59,675.08,665.96,671.43,77061
2017-12-13,7177,668.69,674.15,662.31,668.69,154231
2017-12-12,7177,654.09,666.85,652.26,666.85,236114
2017-12-11,7177,644.06,649.54,642.24,648.62,123756
2017-12-08,7177,641.33,648.62,641.33,643.14,154889
2017-12-07,7177,641.33,643.14,640.41,642.24,70812
2017-12-06,7177,642.24,643.14,640.41,641.33,54808
2017-12-05,7177,643.14,645.89,640.41,642.24,64456
2017-12-04,7177,644.97,647.7,641.33,643.14,95913
2017-12-01,7177,651.36,651.36,642.24,644.97,101176
2017-11-30,7177,645.89,647.7,641.33,644.97,50204
2017-11-29,7177,641.33,650.45,639.5,646.81,74979
2017-11-28,7177,638.58,643.14,638.58,639.5,44506
2017-11-27,7177,638.58,642.24,636.77,638.58,84844
2017-11-24,7177,635.84,640.41,635.84,638.58,57111
2017-11-22,7177,638.58,640.41,634.93,635.84,122333
2017-11-21,7177,639.5,640.41,637.67,638.58,73225
2017-11-20,7177,639.5,642.24,634.93,638.58,114769
2017-11-17,7177,640.41,641.33,636.77,639.5,79581
2017-11-16,7177,639.5,643.14,637.67,639.5,83747
2017-11-15,7177,647.7,647.7,638.58,639.5,125073
2017-11-14,7177,652.26,657.76,647.7,647.7,93393
2017-11-13,7177,653.19,656.84,652.26,653.19,104683
2017-11-10,7177,656.84,661.39,655.93,660.47,46368
2017-11-09,7177,677.82,678.74,655.02,656.84,240391
2017-11-08,7177,679.63,681.46,674.15,677.82,57658
2017-11-07,7177,686.01,687.86,679.63,685.13,33652
2017-11-06,7177,686.01,693.31,685.13,686.01,37051
2017-11-02,7177,684.2,690.59,684.2,684.2,48232
2017-11-01,7177,684.2,688.76,684.2,684.2,20717
2017-10-31,7177,681.46,685.13,681.46,683.3,21704
2017-10-30,7177,686.94,690.59,681.46,683.3,43080
2017-10-27,7177,683.3,687.86,682.38,686.94,70592
2017-10-26,7177,676.0,686.01,675.08,680.56,71250
2017-10-25,7177,682.38,682.38,666.85,675.08,65223
2017-10-24,7177,674.15,682.38,672.34,680.56,73881
2017-10-23,7177,670.51,673.24,669.59,670.51,26636
2017-10-20,7177,665.96,668.69,662.31,667.77,31900
2017-10-19,7177,674.15,675.08,663.22,665.96,69497
2017-10-18,7177,674.15,678.74,673.24,674.15,67305
2017-10-17,7177,674.15,675.08,671.43,673.24,35188
2017-10-16,7177,670.51,675.08,670.51,670.51,38476
2017-10-13,7177,670.51,672.34,664.14,669.59,34640
2017-10-12,7177,665.96,673.24,665.96,670.51,37161
2017-10-11,7177,673.24,673.24,664.14,664.14,52726
2017-10-10,7177,663.22,674.15,662.31,671.43,58644
2017-10-06,7177,659.59,665.96,659.59,663.22,51738
2017-10-05,7177,665.96,665.96,659.59,659.59,24883
2017-10-04,7177,668.69,668.69,663.22,663.22,19950
2017-10-03,7177,671.43,672.34,657.76,668.69,62044
2017-10-02,7177,655.93,673.24,649.54,673.24,85940
2017-09-29,7177,652.26,654.09,647.7,649.54,55028
2017-09-28,7177,658.67,661.39,648.62,652.26,178237
2017-09-27,7177,675.08,675.08,668.69,673.24,27844
2017-09-26,7177,674.15,678.74,671.43,674.15,57548
2017-09-25,7177,674.15,678.74,665.96,670.51,43411
2017-09-22,7177,661.39,676.91,661.39,671.43,47246
2017-09-21,7177,656.84,669.59,656.84,665.04,91530
2017-09-20,7177,645.89,653.19,644.06,648.62,62373
2017-09-19,7177,642.24,644.97,639.5,644.06,51081
2017-09-15,7177,639.5,641.33,635.84,637.67,41873
2017-09-14,7177,642.24,642.24,637.67,638.58,35953
2017-09-13,7177,640.41,647.7,635.84,638.58,60837
2017-09-12,7177,639.5,643.14,638.58,642.24,21812
2017-09-11,7177,638.58,650.45,636.77,639.5,26855
2017-09-08,7177,638.58,639.5,634.93,635.84,33871
2017-09-07,7177,642.24,646.81,641.33,641.33,26199
2017-09-06,7177,628.56,639.5,625.82,639.5,45929
2017-09-05,7177,650.45,651.36,627.66,632.2,135598
2017-09-04,7177,659.59,659.59,650.45,650.45,54260
2017-09-01,7177,653.19,661.39,652.26,660.47,37161
2017-08-31,7177,648.62,655.93,641.33,655.93,54370
2017-08-30,7177,655.93,655.93,636.77,646.81,199722
2017-08-29,7177,655.93,658.67,653.19,655.93,57658
2017-08-28,7177,658.67,659.59,655.93,655.93,38913
2017-08-25,7177,662.31,662.31,655.93,658.67,130882
2017-08-24,7177,665.96,666.85,659.59,662.31,48012
2017-08-23,7177,664.14,667.77,663.22,667.77,25212
2017-08-22,7177,664.14,667.77,663.22,664.14,24773
2017-08-21,7177,669.59,669.59,664.14,664.14,30913
2017-08-18,7177,671.43,671.43,668.69,671.43,35517
2017-08-17,7177,673.24,674.15,670.51,674.15,31132
2017-08-16,7177,672.34,679.63,670.51,675.08,29268
2017-08-15,7177,674.15,678.74,672.34,673.24,37161
2017-08-14,7177,676.91,677.82,674.15,674.15,36504
2017-08-10,7177,679.63,689.69,679.63,686.01,35735
2017-08-09,7177,682.38,683.3,679.63,680.56,30913
2017-08-08,7177,684.2,686.01,681.46,682.38,28391
2017-08-07,7177,694.24,694.24,684.2,686.94,32555
2017-08-04,7177,688.76,698.79,687.86,692.4,18635
2017-08-03,7177,690.59,691.5,686.94,688.76,19620
2017-08-02,7177,688.76,692.4,687.86,692.4,21923
2017-08-01,7177,696.98,696.98,689.69,689.69,32117
2017-07-31,7177,701.54,702.46,696.98,699.71,32228
2017-07-28,7177,703.36,704.27,698.79,701.54,66757
2017-07-27,7177,702.46,712.48,699.71,705.18,74649
2017-07-26,7177,704.27,707.0,703.36,707.0,21812
2017-07-25,7177,704.27,710.65,702.46,707.91,34640
2017-07-24,7177,702.46,706.09,702.46,704.27,18635
2017-07-21,7177,704.27,705.18,702.46,704.27,23457
2017-07-20,7177,702.46,704.27,702.46,703.36,11181
2017-07-19,7177,705.18,706.09,701.54,703.36,43411
2017-07-18,7177,709.74,709.74,705.18,706.09,15566
2017-07-14,7177,706.09,708.83,704.27,708.83,20390
2017-07-13,7177,706.09,707.91,704.27,706.09,18964
2017-07-12,7177,707.0,708.83,706.09,707.91,19183
2017-07-11,7177,708.83,713.39,707.91,708.83,33545
2017-07-10,7177,711.55,715.23,708.83,708.83,25650
2017-07-07,7177,708.83,717.05,708.83,716.13,34640
2017-07-06,7177,718.87,719.79,715.23,716.13,24993
2017-07-05,7177,712.48,719.79,709.74,717.05,39793
2017-07-04,7177,720.69,720.69,713.39,716.13,27844
2017-07-03,7177,720.69,723.42,717.05,717.05,24883
2017-06-30,7177,718.87,722.51,717.05,722.51,45053
2017-06-29,7177,725.24,725.24,721.62,722.51,18306
2017-06-28,7177,717.95,727.08,717.95,721.62,93284
2017-06-27,7177,743.49,745.32,734.39,740.78,81116
2017-06-26,7177,734.39,737.1,734.39,736.21,34748
2017-06-23,7177,729.8,738.03,729.8,735.3,86050
2017-06-22,7177,726.17,729.8,726.17,729.8,27733
2017-06-21,7177,728.9,728.9,722.51,725.24,17977
2017-06-20,7177,728.9,729.8,725.24,728.9,34968
2017-06-19,7177,729.8,729.8,724.33,725.24,23566
2017-06-16,7177,719.79,729.8,718.87,729.8,37269
2017-06-15,7177,726.17,726.17,718.87,721.62,28061
2017-06-14,7177,724.33,730.72,722.51,726.17,39132
2017-06-13,7177,725.24,725.24,720.69,724.33,10631
2017-06-12,7177,720.69,726.17,720.69,726.17,18087
2017-06-09,7177,717.95,721.62,716.13,719.79,24445
2017-06-08,7177,727.99,727.99,719.79,722.51,25979
2017-06-07,7177,726.17,730.72,720.69,727.99,59632
2017-06-06,7177,725.24,742.59,724.33,734.39,104245
2017-06-05,7177,712.48,724.33,712.48,723.42,36614
2017-06-02,7177,705.18,713.39,703.36,712.48,36504
2017-06-01,7177,699.71,707.0,699.71,705.18,39793
2017-05-31,7177,699.71,703.36,698.79,702.46,39681
2017-05-30,7177,710.65,710.65,697.89,699.71,47792
2017-05-29,7177,717.95,717.95,710.65,710.65,15128
2017-05-26,7177,718.87,722.51,708.83,717.95,21812
2017-05-25,7177,726.17,726.17,717.95,717.95,24773
2017-05-24,7177,719.79,728.9,717.05,727.08,36064
2017-05-23,7177,708.83,721.62,707.0,720.69,35406
2017-05-22,7177,707.0,709.74,703.36,706.09,15347
2017-05-19,7177,702.46,704.27,699.71,703.36,13485
2017-05-18,7177,701.54,702.46,696.06,702.46,21156
2017-05-17,7177,711.55,712.48,709.74,712.48,8880
2017-05-16,7177,712.48,713.39,711.55,711.55,10631
2017-05-15,7177,718.87,718.87,711.55,712.48,12824
2017-05-12,7177,718.87,718.87,712.48,715.23,15347
2017-05-11,7177,714.31,714.31,709.74,711.55,6577
2017-05-10,7177,719.79,719.79,700.62,714.31,33434
2017-05-09,7177,706.09,721.62,705.18,721.62,50753
2017-05-08,7177,709.74,709.74,705.18,706.09,20937
2017-05-02,7177,703.36,706.09,702.46,702.46,15237
2017-05-01,7177,701.54,707.0,701.54,703.36,11728
2017-04-28,7177,702.46,706.09,699.71,701.54,12497
2017-04-27,7177,704.27,704.27,694.24,702.46,12605
2017-04-26,7177,696.06,704.27,694.24,704.27,21594
2017-04-25,7177,691.5,696.06,691.5,692.4,22473
2017-04-24,7177,686.94,695.15,686.94,691.5,14908
2017-04-21,7177,687.86,687.86,683.3,684.2,19402
2017-04-20,7177,681.46,684.2,676.91,684.2,16224
2017-04-19,7177,682.38,682.38,676.91,681.46,11072
2017-04-18,7177,678.74,684.2,678.74,679.63,20390
2017-04-17,7177,665.96,675.08,665.04,671.43,16442
2017-04-14,7177,659.59,669.59,658.67,665.96,15895
2017-04-13,7177,665.96,667.77,660.47,664.14,29268
2017-04-12,7177,680.56,681.46,665.96,667.77,45709
2017-04-11,7177,686.01,687.86,682.38,683.3,8988
2017-04-10,7177,679.63,684.2,679.63,683.3,9976
2017-04-07,7177,680.56,686.01,670.51,678.74,123101
2017-04-06,7177,689.69,698.79,676.91,676.91,34310
2017-04-05,7177,699.71,704.27,682.38,689.69,71032
2017-04-04,7177,709.74,709.74,700.62,700.62,37380
2017-04-03,7177,711.55,714.31,709.74,710.65,18524
2017-03-31,7177,718.87,718.87,711.55,711.55,22691
2017-03-30,7177,720.69,720.69,717.05,717.05,19950
2017-03-29,7177,724.33,726.17,717.95,721.62,22252
2017-03-28,7177,719.79,726.17,719.79,725.24,56234
2017-03-27,7177,736.21,736.21,722.51,724.33,50972
2017-03-24,7177,721.62,752.62,721.62,729.8,60837
2017-03-23,7177,724.33,724.33,721.62,721.62,28172
2017-03-22,7177,720.69,725.24,720.69,724.33,50534
2017-03-21,7177,724.33,725.24,719.79,722.51,36722
2017-03-17,7177,730.72,730.72,726.17,726.17,24007
2017-03-16,7177,728.9,730.72,725.24,730.72,33104
2017-03-15,7177,731.64,734.39,717.05,729.8,75089
2017-03-14,7177,735.3,735.3,731.64,732.54,41325
2017-03-13,7177,736.21,738.03,734.39,735.3,20167
2017-03-10,7177,734.39,737.1,733.47,735.3,29158
2017-03-09,7177,736.21,738.03,734.39,734.39,30584
2017-03-08,7177,738.03,740.78,736.21,737.1,35735
2017-03-07,7177,738.03,740.78,738.03,738.03,14688
2017-03-06,7177,738.95,739.86,736.21,738.95,21264
2017-03-03,7177,739.86,746.23,739.86,740.78,20828
2017-03-02,7177,739.86,746.23,739.86,743.49,40667
2017-03-01,7177,738.95,740.78,735.3,738.95,40450
2017-02-28,7177,742.59,746.23,738.95,741.66,18416
2017-02-27,7177,748.97,748.97,741.66,742.59,27186
2017-02-24,7177,752.62,758.1,748.97,748.97,27405
2017-02-23,7177,748.97,753.55,748.97,752.62,32117
2017-02-22,7177,760.83,763.56,749.87,750.79,33545
2017-02-21,7177,753.55,759.92,749.87,759.92,27515
2017-02-20,7177,749.87,755.35,748.97,753.55,35077
2017-02-17,7177,741.66,752.62,741.66,746.23,29705
2017-02-16,7177,737.1,749.87,737.1,741.66,72458
2017-02-15,7177,737.1,743.49,736.21,737.1,36064
2017-02-14,7177,744.41,744.41,735.3,737.1,32447
2017-02-13,7177,734.39,744.41,734.39,744.41,19183
2017-02-10,7177,730.72,737.1,730.72,732.54,24007
2017-02-09,7177,733.47,733.47,729.8,730.72,60399
2017-02-08,7177,737.1,739.86,734.39,734.39,18306
2017-02-07,7177,738.95,740.78,732.54,737.1,23677
2017-02-06,7177,730.72,758.1,729.8,744.41,49875
2017-02-03,7177,729.8,734.39,728.9,730.72,21812
2017-02-02,7177,738.95,738.95,729.8,729.8,42422
2017-02-01,7177,738.95,741.66,732.54,740.78,37709
2017-01-31,7177,746.23,747.15,738.95,741.66,34310
2017-01-30,7177,757.18,759.0,747.15,748.97,47903
2017-01-27,7177,760.83,761.74,749.87,752.62,48121
2017-01-26,7177,751.71,767.21,748.97,765.4,45820
2017-01-25,7177,752.62,756.26,746.23,746.23,33434
2017-01-24,7177,757.18,757.18,748.05,750.79,33324
2017-01-23,7177,763.56,764.48,759.92,760.83,16113
2017-01-20,7177,771.78,771.78,762.65,765.4,18416
2017-01-19,7177,761.74,779.99,757.18,769.03,37269
2017-01-18,7177,752.62,756.26,744.41,755.35,82542
2017-01-17,7177,784.54,784.54,765.4,766.31,37380
2017-01-16,7177,787.28,795.5,784.54,784.54,33871
2017-01-13,7177,784.54,789.1,782.73,786.36,16442
2017-01-12,7177,792.75,792.75,785.46,786.36,26636
2017-01-11,7177,797.32,797.32,790.03,793.67,36173
2017-01-10,7177,797.32,798.23,792.75,797.32,35735
2017-01-06,7177,794.59,799.15,790.03,798.23,22362
2017-01-05,7177,801.89,801.89,791.85,791.85,34857
2017-01-04,7177,787.28,796.42,784.54,796.42,25212
2016-12-30,7177,789.1,799.15,787.28,787.28,31352
2016-12-29,7177,805.52,805.52,788.18,790.03,48121
2016-12-28,7177,810.09,813.75,801.89,806.45,97231
2016-12-27,7177,815.58,829.25,815.58,829.25,111481
2016-12-26,7177,811.92,817.4,804.62,814.65,63358
2016-12-22,7177,807.35,810.09,800.96,807.35,41106
2016-12-21,7177,804.62,814.65,803.72,806.45,60399
2016-12-20,7177,805.52,807.35,799.15,804.62,36284
2016-12-19,7177,811.01,811.01,802.8,804.62,27186
2016-12-16,7177,807.35,812.85,803.72,811.01,47792
2016-12-15,7177,807.35,811.92,795.5,801.89,36504
2016-12-14,7177,805.52,806.45,795.5,800.06,44506
2016-12-13,7177,789.1,804.62,789.1,796.42,46477
2016-12-12,7177,814.65,816.49,793.67,802.8,77717
2016-12-09,7177,807.35,815.58,784.54,811.92,98984
2016-12-08,7177,819.2,821.04,798.23,812.85,89995
2016-12-07,7177,782.73,813.75,781.81,812.85,120578
2016-12-06,7177,769.96,779.99,766.31,776.35,68510
2016-12-05,7177,752.62,773.6,752.62,765.4,73334
2016-12-02,7177,757.18,760.83,748.05,757.18,36393
2016-12-01,7177,758.1,764.48,752.62,754.43,54480
2016-11-30,7177,744.41,766.31,743.49,752.62,106438
2016-11-29,7177,734.39,745.32,733.47,740.78,49329
2016-11-28,7177,727.99,737.1,725.24,734.39,57987
2016-11-25,7177,729.8,729.8,723.42,728.9,26418
2016-11-24,7177,728.9,728.9,721.62,722.51,32886
2016-11-22,7177,722.51,726.17,719.79,723.42,29816
2016-11-21,7177,716.13,732.54,716.13,726.17,65223
2016-11-18,7177,716.13,718.87,707.0,713.39,54260
2016-11-17,7177,697.89,714.31,697.89,712.48,42532
2016-11-16,7177,693.31,699.71,690.59,696.98,24883
2016-11-15,7177,706.09,706.09,688.76,691.5,32447
2016-11-14,7177,685.13,697.89,685.13,693.31,28719
2016-11-11,7177,686.01,697.89,679.63,679.63,30034
2016-11-10,7177,685.13,688.76,681.46,685.13,24117
2016-11-09,7177,702.46,702.46,644.97,668.69,46150
2016-11-08,7177,686.01,688.76,685.13,686.94,12497
2016-11-07,7177,687.86,694.24,687.86,689.69,9535
2016-11-04,7177,686.94,693.31,682.38,685.13,23129
2016-11-02,7177,688.76,702.46,686.94,686.94,21486
2016-11-01,7177,710.65,711.55,696.98,699.71,34968
2016-10-31,7177,710.65,715.23,707.91,713.39,16113
2016-10-28,7177,717.05,717.95,701.54,714.31,28061
2016-10-27,7177,717.05,719.79,715.23,717.05,26964
2016-10-26,7177,712.48,725.24,706.09,717.05,58973
2016-10-25,7177,703.36,711.55,703.36,711.55,66099
2016-10-24,7177,691.5,707.91,690.59,701.54,44833
2016-10-21,7177,683.3,697.89,683.3,688.76,42640
2016-10-20,7177,675.08,682.38,675.08,682.38,22033
2016-10-19,7177,674.15,676.91,672.34,674.15,10851
2016-10-18,7177,668.69,671.43,668.69,671.43,9976
2016-10-17,7177,670.51,676.0,669.59,670.51,8550
2016-10-14,7177,675.08,675.08,669.59,674.15,12169
2016-10-13,7177,668.69,677.82,668.69,675.08,16113
2016-10-12,7177,665.04,681.46,665.04,667.77,20937
2016-10-11,7177,668.69,677.82,667.77,676.91,28501
2016-10-07,7177,667.77,670.51,661.39,668.69,14031
2016-10-06,7177,663.22,664.14,658.67,662.31,16772
2016-10-05,7177,657.76,665.96,656.84,664.14,23566
2016-10-04,7177,656.84,660.47,655.93,659.59,11620
2016-10-03,7177,652.26,664.14,652.26,660.47,18635
2016-09-30,7177,661.39,665.04,661.39,661.39,9428
2016-09-29,7177,660.47,667.77,656.84,661.39,21156
2016-09-28,7177,665.04,665.04,658.67,659.59,5481
2016-09-27,7177,664.14,668.69,662.31,668.69,17428
2016-09-26,7177,665.04,666.85,662.31,666.85,19402
2016-09-23,7177,663.22,665.04,655.93,663.22,21047
2016-09-21,7177,649.54,657.76,649.54,657.76,7344
2016-09-20,7177,645.89,654.09,645.89,649.54,9208
2016-09-16,7177,644.97,647.7,644.06,645.89,13043
2016-09-15,7177,648.62,648.62,640.41,640.41,14031
2016-09-14,7177,655.02,655.02,648.62,648.62,6796
2016-09-13,7177,653.19,656.84,651.36,654.09,8880
2016-09-12,7177,655.93,657.76,650.45,654.09,19620
2016-09-09,7177,649.54,657.76,649.54,655.93,25760
2016-09-08,7177,665.96,665.96,643.14,654.09,40011
2016-09-07,7177,655.93,676.0,655.93,665.96,21264
2016-09-06,7177,651.36,679.63,651.36,669.59,44065
2016-09-05,7177,647.7,663.22,647.7,657.76,44395
2016-09-02,7177,640.41,644.97,640.41,641.33,10631
2016-09-01,7177,640.41,648.62,638.58,639.5,42750
2016-08-31,7177,637.67,644.97,637.67,638.58,23129
2016-08-30,7177,636.77,639.5,634.93,637.67,7562
2016-08-29,7177,635.84,638.58,631.27,636.77,29268
2016-08-26,7177,637.67,638.58,635.84,636.77,10195
2016-08-25,7177,644.06,644.06,635.84,637.67,11620
2016-08-24,7177,637.67,639.5,636.77,637.67,12169
2016-08-23,7177,638.58,644.97,637.67,637.67,17868
2016-08-22,7177,640.41,641.33,637.67,638.58,12057
2016-08-19,7177,638.58,640.41,638.58,639.5,11511
2016-08-18,7177,638.58,642.24,637.67,638.58,21812
2016-08-17,7177,647.7,647.7,638.58,639.5,34200
2016-08-16,7177,646.81,648.62,645.89,645.89,18087
2016-08-15,7177,644.97,652.26,644.97,648.62,18197
2016-08-12,7177,649.54,650.45,644.97,647.7,19294
2016-08-10,7177,647.7,652.26,646.81,649.54,21377
2016-08-09,7177,645.89,651.36,645.89,646.81,20937
2016-08-08,7177,644.06,648.62,643.14,644.97,14031
2016-08-05,7177,641.33,646.81,640.41,643.14,13592
2016-08-04,7177,643.14,649.54,641.33,641.33,24773
2016-08-03,7177,638.58,641.33,636.77,637.67,17649
2016-08-02,7177,644.97,645.89,640.41,641.33,8441
2016-08-01,7177,645.89,649.54,622.17,641.33,78595
2016-07-29,7177,649.54,651.36,640.41,646.81,19073
2016-07-28,7177,648.62,651.36,644.97,649.54,9208
2016-07-27,7177,642.24,649.54,640.41,644.06,22362
2016-07-26,7177,643.14,644.97,640.41,642.24,17210
2016-07-25,7177,649.54,649.54,639.5,640.41,20717
2016-07-22,7177,646.81,646.81,640.41,641.33,17428
2016-07-21,7177,652.26,659.59,641.33,646.81,40667
2016-07-20,7177,643.14,656.84,640.41,651.36,50534
2016-07-19,7177,637.67,638.58,632.2,637.67,14580
2016-07-15,7177,637.67,637.67,630.36,630.36,14140
2016-07-14,7177,634.93,639.5,634.93,634.93,19073
2016-07-13,7177,638.58,638.58,631.27,634.93,22362
2016-07-12,7177,626.73,636.77,626.73,631.27,33324
2016-07-11,7177,620.35,621.27,613.04,617.61,20937
2016-07-08,7177,615.78,626.73,611.21,613.04,29705
2016-07-07,7177,622.17,631.27,616.7,616.7,30144
2016-07-06,7177,635.84,635.84,621.27,624.0,23786
2016-07-05,7177,636.77,636.77,632.2,636.77,13485
2016-07-04,7177,636.77,637.67,633.1,633.1,12824
2016-07-01,7177,638.58,639.5,632.2,633.1,20167
2016-06-30,7177,641.33,641.33,632.2,632.2,17428
2016-06-29,7177,644.97,645.89,631.27,631.27,34748
2016-06-28,7177,625.82,644.06,623.08,637.67,37817
2016-06-27,7177,637.67,670.51,634.93,664.14,59304
2016-06-24,7177,680.56,680.56,616.7,628.56,101397
2016-06-23,7177,662.31,679.63,662.31,676.0,33545
2016-06-22,7177,676.0,676.0,656.84,662.31,28719
2016-06-21,7177,684.2,684.2,671.43,676.91,39132
2016-06-20,7177,676.0,683.3,665.96,666.85,44285
2016-06-17,7177,638.58,711.55,637.67,708.83,91202
2016-06-16,7177,652.26,661.39,629.46,633.1,38583
2016-06-14,7177,662.31,664.14,643.14,647.7,46917
2016-06-13,7177,675.08,684.2,664.14,664.14,37380
2016-06-10,7177,684.2,684.2,675.08,676.0,21486
2016-06-09,7177,679.63,684.2,676.0,682.38,25212
2016-06-08,7177,669.59,676.91,668.69,676.0,19073
2016-06-07,7177,665.96,668.69,665.04,665.04,12169
2016-06-06,7177,662.31,668.69,662.31,664.14,13920
2016-06-03,7177,661.39,669.59,661.39,669.59,16660
2016-06-02,7177,660.47,665.96,660.47,661.39,13812
2016-06-01,7177,673.24,679.63,663.22,664.14,17210
2016-05-31,7177,672.34,677.82,671.43,677.82,18416
2016-05-30,7177,663.22,669.59,660.47,669.59,24553
2016-05-27,7177,652.26,660.47,651.36,657.76,27515
2016-05-26,7177,657.76,660.47,653.19,654.09,23897
2016-05-25,7177,660.47,663.22,653.19,661.39,22252
2016-05-24,7177,655.02,658.67,651.36,652.26,26964
2016-05-23,7177,659.59,659.59,656.84,657.76,16004
2016-05-20,7177,661.39,662.31,657.76,659.59,17320
2016-05-19,7177,664.14,666.85,658.67,663.22,25321
2016-05-18,7177,662.31,667.77,655.02,660.47,51302
2016-05-17,7177,666.85,667.77,658.67,665.04,21704
2016-05-16,7177,675.08,678.74,669.59,674.15,18745
2016-05-13,7177,672.34,682.38,667.77,681.46,35735
2016-05-12,7177,682.38,684.2,672.34,675.08,19073
2016-05-11,7177,681.46,690.59,677.82,684.2,26526
2016-05-10,7177,675.08,683.3,670.51,679.63,28172
2016-05-09,7177,670.51,678.74,670.51,675.08,19183
2016-05-06,7177,676.0,677.82,662.31,668.69,29816
2016-05-02,7177,665.04,681.46,662.31,674.15,33104
2016-04-28,7177,681.46,690.59,678.74,690.59,70155
2016-04-27,7177,684.2,693.31,675.08,688.76,136145
2016-04-26,7177,664.14,669.59,660.47,669.59,43519
2016-04-25,7177,668.69,670.51,663.22,668.69,47354
2016-04-22,7177,659.59,664.14,656.84,664.14,29047
2016-04-21,7177,662.31,664.14,657.76,660.47,32336
2016-04-20,7177,647.7,657.76,641.33,657.76,44176
2016-04-19,7177,634.02,650.45,633.1,646.81,32117
2016-04-18,7177,641.33,642.24,620.35,627.66,53273
2016-04-15,7177,645.89,658.67,643.14,654.09,42640
2016-04-14,7177,656.84,665.04,645.89,653.19,54808
2016-04-13,7177,628.56,638.58,624.0,638.58,28061
2016-04-12,7177,627.66,627.66,615.78,624.0,23348
2016-04-11,7177,624.91,627.66,613.95,624.0,23566
2016-04-08,7177,611.21,624.91,599.35,621.27,40997
2016-04-07,7177,620.35,626.73,616.7,617.61,14140
2016-04-06,7177,621.27,628.56,618.52,622.17,17539
2016-04-05,7177,647.7,647.7,613.95,628.56,30473
2016-04-04,7177,640.41,647.7,634.93,647.7,41325
2016-04-01,7177,666.85,666.85,643.14,644.06,36722
2016-03-31,7177,672.34,672.34,668.69,668.69,10631
2016-03-30,7177,672.34,676.91,667.77,672.34,17210
2016-03-29,7177,665.04,670.51,663.22,666.85,12277
2016-03-28,7177,665.04,678.74,665.04,678.74,26636
2016-03-25,7177,659.59,665.04,657.76,664.14,19402
2016-03-24,7177,665.96,665.96,659.59,659.59,25321
2016-03-23,7177,675.08,678.74,666.85,673.24,24883
2016-03-22,7177,683.3,687.86,673.24,673.24,16660
2016-03-18,7177,685.13,685.13,671.43,671.43,22143
2016-03-17,7177,691.5,697.89,686.94,686.94,13265
2016-03-16,7177,686.01,692.4,685.13,685.13,19402
2016-03-15,7177,695.15,703.36,694.24,694.24,16660
2016-03-14,7177,702.46,710.65,697.89,698.79,38696
2016-03-11,7177,708.83,709.74,689.69,709.74,24007
2016-03-10,7177,686.01,698.79,686.01,698.79,16442
2016-03-09,7177,703.36,706.09,684.2,686.01,38696
2016-03-08,7177,727.99,727.99,684.2,718.87,63140
2016-03-07,7177,696.06,742.59,696.06,727.99,103808
2016-03-04,7177,689.69,693.31,686.01,687.86,22362
2016-03-03,7177,679.63,692.4,676.91,689.69,44942
2016-03-02,7177,665.04,678.74,661.39,672.34,58536
2016-03-01,7177,651.36,663.22,647.7,655.02,41216
2016-02-29,7177,667.77,670.51,647.7,651.36,16224
2016-02-26,7177,665.96,667.77,644.97,654.09,23677
2016-02-25,7177,635.84,664.14,634.02,652.26,46368
2016-02-24,7177,637.67,674.15,629.46,641.33,99971
2016-02-23,7177,614.87,619.44,610.3,611.21,20499
2016-02-22,7177,613.04,617.61,606.65,613.04,9976
2016-02-19,7177,606.65,620.35,603.01,614.87,19731
2016-02-18,7177,618.52,622.17,603.92,621.27,22909
2016-02-17,7177,613.04,623.08,595.72,595.72,31132
2016-02-16,7177,606.65,616.7,603.01,610.3,35406
2016-02-15,7177,602.09,611.21,597.54,609.39,49766
2016-02-12,7177,590.24,605.74,574.71,574.71,81116
2016-02-10,7177,655.93,658.67,622.17,628.56,72895
2016-02-09,7177,683.3,683.3,648.62,655.93,67085
2016-02-08,7177,716.13,716.13,703.36,713.39,51081
2016-02-05,7177,687.86,720.69,686.01,720.69,145023
2016-02-04,7177,653.19,687.86,653.19,684.2,63795
2016-02-03,7177,663.22,672.34,648.62,665.96,32775
2016-02-02,7177,661.39,686.01,661.39,683.3,49766
2016-02-01,7177,653.19,674.15,643.14,673.24,75528
2016-01-29,7177,606.65,623.08,599.35,621.27,43628
2016-01-28,7177,612.13,617.61,607.57,607.57,45492
2016-01-27,7177,628.56,630.36,618.52,618.52,39243
2016-01-26,7177,629.46,631.27,611.21,616.7,73225
2016-01-25,7177,615.78,629.46,605.74,629.46,94600
2016-01-22,7177,594.79,611.21,594.79,603.92,71580
2016-01-21,7177,592.96,613.95,579.29,582.95,58864
2016-01-20,7177,622.17,624.91,592.96,602.09,49548
2016-01-19,7177,601.18,613.04,598.46,613.04,37269
2016-01-18,7177,602.09,608.49,592.96,603.92,98108
2016-01-15,7177,647.7,648.62,621.27,622.17,39570
2016-01-14,7177,644.97,647.7,634.93,637.67,25540
2016-01-13,7177,647.7,656.84,639.5,655.93,33871
2016-01-12,7177,665.96,667.77,631.27,638.58,52177
2016-01-08,7177,674.15,682.38,671.43,672.34,16551
2016-01-07,7177,679.63,683.3,673.24,681.46,26199
2016-01-06,7177,693.31,693.31,676.91,682.38,29816
2016-01-05,7177,689.69,692.4,678.74,692.4,25212
2016-01-04,7177,690.59,696.06,686.94,686.94,13701
2015-12-30,7177,684.2,690.59,683.3,690.59,26418
2015-12-29,7177,676.91,686.01,676.91,685.13,13265
2015-12-28,7177,674.15,688.76,674.15,680.56,52287
2015-12-25,7177,688.76,688.76,682.38,688.76,180100
2015-12-24,7177,685.13,689.69,684.2,688.76,137131
2015-12-22,7177,692.4,692.4,685.13,688.76,105123
2015-12-21,7177,693.31,695.15,688.76,690.59,64566
2015-12-18,7177,696.98,699.71,688.76,693.31,67852
2015-12-17,7177,696.06,697.89,686.01,693.31,68510
2015-12-16,7177,698.79,700.62,686.01,688.76,48670
2015-12-15,7177,698.79,700.62,679.63,686.94,49108
2015-12-14,7177,701.54,702.46,693.31,697.89,39793
2015-12-11,7177,712.48,714.31,708.83,711.55,19511
2015-12-10,7177,717.05,717.05,702.46,712.48,39793
2015-12-09,7177,717.95,724.33,717.05,717.95,19511
2015-12-08,7177,727.08,729.8,719.79,719.79,49329
2015-12-07,7177,731.64,737.1,727.08,728.9,33761
2015-12-04,7177,735.3,740.78,727.08,727.08,85501
2015-12-03,7177,748.05,750.79,744.41,745.32,41216
2015-12-02,7177,751.71,755.35,748.05,750.79,28501
2015-12-01,7177,759.0,759.92,751.71,751.71,53932
2015-11-30,7177,758.1,762.65,754.43,762.65,35843
2015-11-27,7177,766.31,766.31,759.0,759.0,17101
2015-11-26,7177,761.74,769.03,759.0,759.92,52946
2015-11-25,7177,757.18,757.18,749.87,753.55,18087
2015-11-24,7177,751.71,757.18,748.97,750.79,33761
2015-11-20,7177,759.0,761.74,752.62,757.18,30913
2015-11-19,7177,752.62,757.18,752.62,757.18,17539
2015-11-18,7177,739.86,752.62,738.95,748.97,28172
2015-11-17,7177,734.39,737.1,730.72,734.39,44942
2015-11-16,7177,740.78,745.32,720.69,726.17,83856
2015-11-13,7177,759.92,759.92,743.49,750.79,60617
2015-11-12,7177,774.53,774.53,760.83,762.65,29489
2015-11-11,7177,766.31,771.78,762.65,771.78,15347
2015-11-10,7177,766.31,775.43,761.74,768.13,55356
2015-11-09,7177,777.27,786.36,769.03,778.17,48560
2015-11-06,7177,782.73,786.36,770.87,775.43,45492
2015-11-05,7177,776.35,792.75,768.13,781.81,58316
2015-11-04,7177,821.04,826.5,784.54,793.67,69717
2015-11-02,7177,866.65,866.65,812.85,826.5,237541
2015-10-30,7177,768.13,770.87,757.18,759.92,45381
2015-10-29,7177,788.18,791.85,766.31,767.21,62153
2015-10-28,7177,807.35,810.09,790.93,791.85,72785
2015-10-27,7177,802.8,830.16,802.8,814.65,102710
2015-10-26,7177,811.92,835.64,802.8,821.96,204216
2015-10-23,7177,814.65,819.2,794.59,798.23,150722
2015-10-22,7177,779.99,803.72,779.99,797.32,74319
2015-10-21,7177,760.83,800.06,758.1,790.03,140310
2015-10-20,7177,756.26,760.83,746.23,754.43,66099
2015-10-19,7177,755.35,761.74,747.15,752.62,105123
2015-10-16,7177,729.8,730.72,726.17,728.9,36173
2015-10-15,7177,722.51,728.9,722.51,727.99,25650
2015-10-14,7177,725.24,728.9,722.51,727.08,21156
2015-10-13,7177,725.24,729.8,721.62,725.24,28391
2015-10-09,7177,719.79,721.62,717.05,718.87,30255
2015-10-08,7177,710.65,718.87,706.09,716.13,25540
2015-10-07,7177,697.89,708.83,697.89,704.27,25212
2015-10-06,7177,702.46,711.55,699.71,702.46,46258
2015-10-05,7177,692.4,699.71,691.5,697.89,40450
2015-10-02,7177,679.63,686.94,667.77,686.94,29047
2015-10-01,7177,671.43,679.63,653.19,675.08,30034
2015-09-30,7177,658.67,671.43,658.67,664.14,16113
2015-09-29,7177,677.82,678.74,655.02,661.39,33214
2015-09-28,7177,694.24,694.24,675.08,683.3,14031
2015-09-25,7177,696.98,696.98,679.63,686.01,48670
2015-09-24,7177,695.15,696.06,688.76,693.31,31788
2015-09-18,7177,676.0,693.31,676.0,690.59,60289
2015-09-17,7177,666.85,676.0,658.67,676.0,44942
2015-09-16,7177,664.14,673.24,660.47,664.14,33324
2015-09-15,7177,647.7,659.59,647.7,650.45,23566
2015-09-14,7177,648.62,660.47,643.14,645.89,23348
2015-09-11,7177,631.27,654.09,631.27,646.81,49329
2015-09-10,7177,621.27,634.02,621.27,632.2,14580
2015-09-09,7177,620.35,635.84,620.35,635.84,47354
2015-09-08,7177,624.0,624.0,592.96,602.09,38148
2015-09-07,7177,614.87,621.27,603.92,612.13,48012
2015-09-04,7177,643.14,646.81,622.17,629.46,35297
2015-09-03,7177,653.19,660.47,642.24,644.06,15237
2015-09-02,7177,637.67,668.69,636.77,641.33,70046
2015-09-01,7177,666.85,677.82,656.84,665.04,46150
2015-08-31,7177,692.4,693.31,676.0,678.74,38476
2015-08-28,7177,669.59,692.4,664.14,692.4,67413
2015-08-27,7177,661.39,666.85,658.67,662.31,46806
2015-08-26,7177,609.39,645.89,609.39,638.58,84954
2015-08-25,7177,592.96,650.45,565.61,607.57,209697
2015-08-24,7177,702.46,723.42,638.58,655.02,190075
2015-08-21,7177,757.18,760.83,745.32,751.71,94709
2015-08-20,7177,789.1,790.93,781.81,787.28,65769
2015-08-19,7177,807.35,808.28,798.23,798.23,62373
2015-08-18,7177,812.85,812.85,807.35,811.01,24663
2015-08-17,7177,813.75,813.75,807.35,811.01,37269
2015-08-14,7177,815.58,815.58,808.28,813.75,29377
2015-08-13,7177,811.92,813.75,807.35,813.75,53164
2015-08-12,7177,816.49,817.4,814.65,816.49,31460
2015-08-11,7177,816.49,818.3,815.58,816.49,49329
2015-08-10,7177,821.04,823.77,815.58,816.49,101724
2015-08-07,7177,834.74,835.64,823.77,823.77,88242
2015-08-06,7177,848.39,849.32,838.39,838.39,71361
2015-08-05,7177,842.95,851.15,842.95,848.39,37489
2015-08-04,7177,867.56,870.31,842.02,848.39,107098
2015-08-03,7177,884.9,886.72,871.22,873.05,47573
2015-07-31,7177,886.72,890.38,884.9,887.63,33761
2015-07-30,7177,891.3,895.85,886.72,887.63,38148
2015-07-29,7177,899.49,900.41,887.63,887.63,35406
2015-07-28,7177,894.04,901.32,887.63,896.75,53493
2015-07-27,7177,918.65,929.61,894.93,907.69,128583
2015-07-24,7177,939.63,942.36,935.98,936.9,76074
2015-07-23,7177,936.9,939.63,933.25,935.98,64783
2015-07-22,7177,919.57,939.63,914.09,935.98,82104
2015-07-21,7177,957.89,957.89,916.83,933.25,291910
2015-07-17,7177,866.65,875.77,865.74,867.56,34530
2015-07-16,7177,878.51,880.33,871.22,875.77,40557
2015-07-15,7177,878.51,884.9,878.51,878.51,34421
2015-07-14,7177,858.44,878.51,856.62,878.51,44942
2015-07-13,7177,858.44,863.92,852.06,854.8,31900
2015-07-10,7177,899.49,899.49,852.97,852.97,81883
2015-07-09,7177,817.4,888.55,798.23,887.63,192815
2015-07-08,7177,913.18,913.18,872.14,872.14,155656
2015-07-07,7177,921.39,929.61,912.26,912.26,81883
2015-07-06,7177,925.95,927.79,912.26,915.92,96682
2015-07-03,7177,951.5,951.5,938.72,946.01,163439
2015-07-02,7177,917.73,947.84,916.83,944.19,138994
2015-07-01,7177,888.55,908.61,886.72,908.61,92735
2015-06-30,7177,905.88,911.35,889.46,894.04,171002
2015-06-29,7177,905.88,919.57,889.46,910.45,243679
2015-06-26,7177,916.83,929.61,912.26,917.73,260341
2015-06-25,7177,959.71,967.0,934.17,941.46,466311
2015-06-24,7177,947.84,997.12,947.84,976.12,909491
2015-06-23,7177,1091.99,1091.99,1074.65,1084.69,13701
2015-06-22,7177,1094.72,1094.72,1071.92,1076.48,22473
2015-06-19,7177,1061.87,1063.69,1055.5,1057.32,8770
2015-06-18,7177,1067.35,1073.74,1049.1,1050.01,15895
2015-06-17,7177,1071.92,1075.57,1064.61,1066.45,8332
2015-06-16,7177,1076.48,1076.48,1059.14,1064.61,23786
2015-06-15,7177,1086.51,1086.51,1074.65,1076.48,11511
2015-06-12,7177,1073.74,1074.65,1063.69,1072.84,11072
2015-06-11,7177,1091.99,1091.99,1053.68,1056.4,21812
2015-06-10,7177,1047.3,1105.67,1030.86,1067.35,63469
2015-06-09,7177,1038.16,1038.16,1013.52,1018.08,8988
2015-06-08,7177,1043.64,1043.64,1029.05,1031.77,20499
2015-06-05,7177,1029.95,1035.43,1014.44,1023.56,8222
2015-06-04,7177,1024.47,1024.47,1000.75,1013.52,4823
2015-06-03,7177,1012.62,1029.95,1008.06,1029.95,4496
2015-06-02,7177,1005.32,1015.35,997.12,1012.62,7453
2015-06-01,7177,1016.27,1034.52,1003.49,1009.89,8770
2015-05-29,7177,1018.08,1033.6,1018.08,1019.0,5700
2015-05-28,7177,1039.98,1039.98,1014.44,1014.44,5809
2015-05-27,7177,1035.43,1039.98,1031.77,1034.52,1754
2015-05-26,7177,1035.43,1035.43,1029.95,1034.52,2630
2015-05-25,7177,1030.86,1049.1,1030.86,1035.43,8222
2015-05-22,7177,1040.9,1062.78,1031.77,1042.72,7015
2015-05-21,7177,1056.4,1070.09,1038.16,1064.61,12169
2015-05-20,7177,1030.86,1057.32,1030.86,1055.5,21923
2015-05-19,7177,1048.21,1048.21,1035.43,1043.64,9756
2015-05-18,7177,1061.87,1061.87,1026.3,1037.24,9535
2015-05-15,7177,1031.77,1035.43,1022.65,1033.6,8441
2015-05-14,7177,1033.6,1046.39,1030.86,1031.77,18964
2015-05-13,7177,1030.86,1030.86,1004.41,1030.86,10631
2015-05-12,7177,986.14,1030.86,986.14,1030.86,17101
2015-05-11,7177,975.21,998.92,967.0,998.92,17320
2015-05-08,7177,950.58,975.21,949.67,969.74,13920
2015-05-07,7177,994.37,994.37,949.67,949.67,29047
2015-05-01,7177,1029.05,1034.52,979.77,989.82,20828
2015-04-30,7177,1071.0,1078.31,1027.21,1029.05,17868
2015-04-28,7177,1070.09,1076.48,1050.01,1069.18,10851
2015-04-27,7177,1033.6,1082.86,1033.6,1055.5,24553
2015-04-24,7177,1030.86,1042.72,1030.86,1030.86,8112
2015-04-23,7177,1024.47,1058.23,1022.65,1030.86,15895
2015-04-22,7177,1023.56,1028.14,1013.52,1018.08,5918
2015-04-21,7177,1008.06,1021.75,999.84,1021.75,7453
2015-04-20,7177,1049.1,1049.1,1003.49,1003.49,24993
2015-04-17,7177,1075.57,1081.95,1051.84,1053.68,10631
2015-04-16,7177,1076.48,1083.77,1060.96,1074.65,7235
2015-04-15,7177,1087.43,1087.43,1060.96,1066.45,19073
2015-04-14,7177,1074.65,1096.54,1071.0,1094.72,18416
2015-04-13,7177,1071.0,1073.74,1048.21,1073.74,25321
2015-04-10,7177,1094.72,1121.17,1067.35,1074.65,30803
2015-04-09,7177,1154.93,1154.93,1081.04,1094.72,54917
2015-04-08,7177,1008.06,1243.42,1008.06,1167.7,159492
2015-04-07,7177,939.63,998.04,929.61,992.55,29047
2015-04-06,7177,1003.49,1004.41,911.35,925.04,70374
2015-04-03,7177,1038.16,1055.5,1013.52,1021.75,25650
2015-04-02,7177,1140.34,1140.34,1013.52,1045.45,81773
2015-04-01,7177,1281.73,1294.5,1112.05,1114.8,130553
